Passengers,Survived,Pclass,Name,Sex,Age,SibSp,Parch,Ticket,Fare,Cabin,Embarked,AgeGroup,FareGroup
852,Died,3,"Svensson, Mr. Johan",male,74,0,0,347060,7.775,NA,S,Elder,Under 50
494,Died,1,"Artagaveytia, Mr. Ramon",male,71,0,0,PC 17609,49.5042,NA,C,Elder,Under 50
97,Died,1,"Goldschmidt, Mr. George B",male,71,0,0,PC 17754,34.6542,A5,C,Elder,Under 50
117,Died,3,"Connors, Mr. Patrick",male,71,0,0,370369,7.75,NA,Q,Elder,Under 50
746,Died,1,"Crosby, Capt. Edward Gifford",male,70,1,1,WE/P 5735,71,B22,S,Elder,Over 50
673,Died,2,"Mitchell, Mr. Henry Michael",male,70,0,0,C.A. 24580,10.5,NA,S,Elder,Under 50
34,Died,2,"Wheadon, Mr. Edward H",male,66,0,0,C.A. 24579,10.5,NA,S,Elder,Under 50
55,Died,1,"Ostby, Mr. Engelhart Cornelius",male,65,0,1,113509,61.9792,B30,C,Elder,Over 50
457,Died,1,"Millet, Mr. Francis Davis",male,65,0,0,13509,26.55,E38,S,Elder,Under 50
281,Died,3,"Duane, Mr. Frank",male,65,0,0,336439,7.75,NA,Q,Elder,Under 50
439,Died,1,"Fortune, Mr. Mark",male,64,1,4,19950,263,C23 C25 C27,S,Elder,Over 50
546,Died,1,"Nicholson, Mr. Arthur Ernest",male,64,0,0,693,26,NA,S,Elder,Under 50
253,Died,1,"Stead, Mr. William Thomas",male,62,0,0,113514,26.55,C87,S,Elder,Under 50
556,Died,1,"Wright, Mr. George",male,62,0,0,113807,26.55,NA,S,Elder,Under 50
171,Died,1,"Van der hoef, Mr. Wyckoff",male,61,0,0,111240,33.5,B19,S,Elder,Under 50
626,Died,1,"Sutton, Mr. Frederick",male,61,0,0,36963,32.3208,D50,S,Elder,Under 50
327,Died,3,"Nysveen, Mr. Johan Hansen",male,61,0,0,345364,6.2375,NA,S,Elder,Under 50
685,Died,2,"Brown, Mr. Thomas William Solomon",male,60,1,1,29750,39,NA,S,Elder,Under 50
695,Died,1,"Weir, Col. John",male,60,0,0,113800,26.55,NA,S,Elder,Under 50
233,Died,2,"Sjostedt, Mr. Ernst Adolf",male,59,0,0,237442,13.5,NA,S,Middle Aged,Under 50
95,Died,3,"Coxon, Mr. Daniel",male,59,0,0,364500,7.25,NA,S,Middle Aged,Under 50
660,Died,1,"Newell, Mr. Arthur Webster",male,58,0,2,35273,113.275,D48,C,Middle Aged,Over 50
488,Died,1,"Kent, Mr. Edward Austin",male,58,0,0,11771,29.7,B37,C,Middle Aged,Under 50
627,Died,2,"Kirkland, Rev. Charles Leonard",male,57,0,0,219533,12.35,NA,Q,Middle Aged,Under 50
773,Died,2,"Mack, Mrs. (Mary)",female,57,0,0,S.O./P.P. 3,10.5,E77,S,Middle Aged,Under 50
175,Died,1,"Smith, Mr. James Clinch",male,56,0,0,17764,30.6958,A7,C,Middle Aged,Under 50
468,Died,1,"Smart, Mr. John Montgomery",male,56,0,0,113792,26.55,NA,S,Middle Aged,Under 50
153,Died,3,"Meo, Mr. Alfonzo",male,56,0,0,A.5. 11206,8.05,NA,S,Middle Aged,Under 50
493,Died,1,"Molson, Mr. Harry Markland",male,55,0,0,113787,30.5,C30,S,Middle Aged,Under 50
125,Died,1,"White, Mr. Percival Wayland",male,54,0,1,35281,77.2875,D26,S,Middle Aged,Over 50
7,Died,1,"McCarthy, Mr. Timothy J",male,54,0,0,17463,51.8625,E46,S,Middle Aged,Over 50
250,Died,2,"Carter, Rev. Ernest Courtenay",male,54,1,0,244252,26,NA,S,Middle Aged,Under 50
583,Died,2,"Downton, Mr. William James",male,54,0,0,28403,26,NA,S,Middle Aged,Under 50
318,Died,2,"Moraweck, Dr. Ernest",male,54,0,0,29011,14,NA,S,Middle Aged,Under 50
263,Died,1,"Taussig, Mr. Emil",male,52,1,1,110413,79.65,E67,S,Middle Aged,Over 50
696,Died,2,"Chapman, Mr. Charles Henry",male,52,0,0,248731,13.5,NA,S,Middle Aged,Under 50
715,Died,2,"Greenberg, Mr. Samuel",male,52,0,0,250647,13,NA,S,Middle Aged,Under 50
156,Died,1,"Williams, Mr. Charles Duane",male,51,0,1,PC 17597,61.3792,NA,C,Middle Aged,Over 50
151,Died,2,"Bateman, Rev. Robert James",male,51,0,0,S.O.P. 1166,12.525,NA,S,Middle Aged,Under 50
223,Died,3,"Green, Mr. George Henry",male,51,0,0,21440,8.05,NA,S,Middle Aged,Under 50
407,Died,3,"Widegren, Mr. Carl/Charles Peter",male,51,0,0,347064,7.75,NA,S,Middle Aged,Under 50
632,Died,3,"Lundahl, Mr. Johan Svensson",male,51,0,0,347743,7.0542,NA,S,Middle Aged,Under 50
545,Died,1,"Douglas, Mr. Walter Donald",male,50,1,0,PC 17761,106.425,C86,C,Middle Aged,Over 50
435,Died,1,"Silvey, Mr. William Baird",male,50,1,0,13507,55.9,E44,S,Middle Aged,Over 50
178,Died,1,"Isham, Miss. Ann Elizabeth",female,50,0,0,PC 17595,28.7125,C49,C,Middle Aged,Under 50
724,Died,2,"Hodges, Mr. Henry Price",male,50,0,0,250643,13,NA,S,Middle Aged,Under 50
483,Died,3,"Rouse, Mr. Richard Henry",male,50,0,0,A/5 3594,8.05,NA,S,Middle Aged,Under 50
699,Died,1,"Thayer, Mr. John Borland",male,49,1,1,17421,110.8833,C68,C,Middle Aged,Over 50
598,Died,3,"Johnson, Mr. Alfred",male,49,0,0,LINE,0,NA,S,Middle Aged,Under 50
737,Died,3,"Ford, Mrs. Edward (Margaret Ann Watson)",female,48,1,3,W./C. 6608,34.375,NA,S,Middle Aged,Under 50
464,Died,2,"Milling, Mr. Jacob Christian",male,48,0,0,234360,13,NA,S,Middle Aged,Under 50
772,Died,3,"Jensen, Mr. Niels Peder",male,48,0,0,350047,7.8542,NA,S,Middle Aged,Under 50
111,Died,1,"Porter, Mr. Walter Chamberlain",male,47,0,0,110465,52,C110,S,Middle Aged,Over 50
463,Died,1,"Gee, Mr. Arthur H",male,47,0,0,111320,38.5,E63,S,Middle Aged,Under 50
516,Died,1,"Walker, Mr. William Anderson",male,47,0,0,36967,34.0208,D46,S,Middle Aged,Under 50
663,Died,1,"Colley, Mr. Edward Pomeroy",male,47,0,0,5727,25.5875,E58,S,Middle Aged,Under 50
587,Died,2,"Jarvis, Mr. John Denzil",male,47,0,0,237565,15,NA,S,Middle Aged,Under 50
133,Died,3,"Robins, Mrs. Alexander A (Grace Charity Laury)",female,47,1,0,A/5. 3337,14.5,NA,S,Middle Aged,Under 50
874,Died,3,"Vander Cruyssen, Mr. Victor",male,47,0,0,345765,9,NA,S,Middle Aged,Under 50
593,Died,3,"Elsbury, Mr. William James",male,47,0,0,A/5 3902,7.25,NA,S,Middle Aged,Under 50
790,Died,1,"Guggenheim, Mr. Benjamin",male,46,0,0,PC 17593,79.2,B82 B84,C,Middle Aged,Over 50
93,Died,1,"Chaffee, Mr. Herbert Fuller",male,46,1,0,W.E.P. 5734,61.175,E31,S,Middle Aged,Over 50
332,Died,1,"Partner, Mr. Austen",male,46,0,0,113043,28.5,C124,S,Middle Aged,Under 50
398,Died,2,"McKane, Mr. Peter David",male,46,0,0,28403,26,NA,S,Middle Aged,Under 50
204,Died,3,"Youseff, Mr. Gerious",male,46,0,0,2628,7.225,NA,C,Middle Aged,Under 50
63,Died,1,"Harris, Mr. Henry Birkhardt",male,45,1,0,36973,83.475,C83,S,Middle Aged,Over 50
340,Died,1,"Blackwell, Mr. Stephen Weart",male,45,0,0,113784,35.5,T,S,Middle Aged,Under 50
168,Died,3,"Skoog, Mrs. William (Anna Bernhardina Karlsson)",female,45,1,4,347088,27.9,NA,S,Middle Aged,Under 50
537,Died,1,"Butt, Major. Archibald Willingham",male,45,0,0,113050,26.55,B38,S,Middle Aged,Under 50
363,Died,3,"Barbara, Mrs. (Catherine David)",female,45,0,1,2691,14.4542,NA,C,Middle Aged,Under 50
277,Died,3,"Lindblom, Miss. Augusta Charlotta",female,45,0,0,347073,7.75,NA,S,Middle Aged,Under 50
130,Died,3,"Ekstrom, Mr. Johan",male,45,0,0,347061,6.975,NA,S,Middle Aged,Under 50
246,Died,1,"Minahan, Dr. William Edward",male,44,2,0,19928,90,C78,Q,Middle Aged,Over 50
237,Died,2,"Hold, Mr. Stephen",male,44,1,0,26707,26,NA,S,Middle Aged,Under 50
855,Died,2,"Carter, Mrs. Ernest Courtenay (Lilian Hughes)",female,44,1,0,244252,26,NA,S,Middle Aged,Under 50
161,Died,3,"Cribb, Mr. John Hatfield",male,44,0,1,371362,16.1,NA,S,Middle Aged,Under 50
604,Died,3,"Torber, Mr. Ernst William",male,44,0,0,364511,8.05,NA,S,Middle Aged,Under 50
697,Died,3,"Kelly, Mr. James",male,44,0,0,363592,8.05,NA,S,Middle Aged,Under 50
679,Died,3,"Goodwin, Mrs. Frederick (Augusta Tyler)",female,43,1,6,CA 2144,46.9,NA,S,Middle Aged,Under 50
315,Died,2,"Hart, Mr. Benjamin",male,43,1,1,F.C.C. 13529,26.25,NA,S,Middle Aged,Under 50
669,Died,3,"Cook, Mr. Jacob",male,43,0,0,A/5 3536,8.05,NA,S,Middle Aged,Under 50
819,Died,3,"Holm, Mr. John Fredrik Alexander",male,43,0,0,C 7075,6.45,NA,S,Middle Aged,Under 50
36,Died,1,"Holverson, Mr. Alexander Oskar",male,42,1,0,113789,52,NA,S,Middle Aged,Over 50
218,Died,2,"Jacobsohn, Mr. Sidney Samuel",male,42,1,0,243847,27,NA,S,Middle Aged,Under 50
150,Died,2,"Byles, Rev. Thomas Roussel Davids",male,42,0,0,244310,13,NA,S,Middle Aged,Under 50
350,Died,3,"Dimic, Mr. Jovan",male,42,0,0,315088,8.6625,NA,S,Middle Aged,Under 50
198,Died,3,"Olsen, Mr. Karl Siegwart Andreas",male,42,0,1,4579,8.4042,NA,S,Middle Aged,Under 50
700,Died,3,"Humblen, Mr. Adolf Mathias Nicolai Olsen",male,42,0,0,348121,7.65,F G63,S,Middle Aged,Under 50
846,Died,3,"Abbing, Mr. Anthony",male,42,0,0,C.A. 5547,7.55,NA,S,Middle Aged,Under 50
639,Died,3,"Panula, Mrs. Juha (Maria Emilia Ojala)",female,41,0,5,3101295,39.6875,NA,S,Middle Aged,Under 50
255,Died,3,"Rosblom, Mrs. Viktor (Helena Wilhelmina)",female,41,0,2,370129,20.2125,NA,S,Middle Aged,Under 50
154,Died,3,"van Billiard, Mr. Austin Blyler",male,41,0,2,A/5. 851,14.5,NA,S,Middle Aged,Under 50
861,Died,3,"Hansen, Mr. Claus Peter",male,41,2,0,350026,14.1083,NA,S,Middle Aged,Under 50
526,Died,3,"Farrell, Mr. James",male,41,0,0,367232,7.75,NA,Q,Middle Aged,Under 50
762,Died,3,"Nirva, Mr. Iisakki Antino Aijo",male,41,0,0,SOTON/O2 3101272,7.125,NA,S,Middle Aged,Under 50
361,Died,3,"Skoog, Mr. Wilhelm",male,40,1,4,347088,27.9,NA,S,Middle Aged,Under 50
31,Died,1,"Uruchurtu, Don. Manuel E",male,40,0,0,PC 17601,27.7208,NA,C,Middle Aged,Under 50
189,Died,3,"Bourke, Mr. John",male,40,1,1,364849,15.5,NA,Q,Middle Aged,Under 50
41,Died,3,"Ahlin, Mrs. Johan (Johanna Persdotter Larsson)",female,40,1,0,7546,9.475,NA,S,Middle Aged,Under 50
562,Died,3,"Sivic, Mr. Husein",male,40,0,0,349251,7.8958,NA,S,Middle Aged,Under 50
662,Died,3,"Badt, Mr. Mohamed",male,40,0,0,2623,7.225,NA,C,Middle Aged,Under 50
264,Died,1,"Harrison, Mr. William",male,40,0,0,112059,0,B94,S,Middle Aged,Under 50
14,Died,3,"Andersson, Mr. Anders Johan",male,39,1,5,347082,31.275,NA,S,Middle Aged,Under 50
611,Died,3,"Andersson, Mrs. Anders Johan (Alfrida Konstantia Brogren)",female,39,1,5,347082,31.275,NA,S,Middle Aged,Under 50
886,Died,3,"Rice, Mrs. William (Margaret Norton)",female,39,0,5,382652,29.125,NA,Q,Middle Aged,Under 50
706,Died,2,"Morley, Mr. Henry Samuel (""Mr Henry Marshall"")",male,39,0,0,250655,26,NA,S,Middle Aged,Under 50
812,Died,3,"Lester, Mr. James",male,39,0,0,A/4 48871,24.15,NA,S,Middle Aged,Under 50
796,Died,2,"Otter, Mr. Richard",male,39,0,0,28213,13,NA,S,Middle Aged,Under 50
809,Died,2,"Meyer, Mr. August",male,39,0,0,248723,13,NA,S,Middle Aged,Under 50
529,Died,3,"Salonen, Mr. Johan Werner",male,39,0,0,3101296,7.925,NA,S,Middle Aged,Under 50
807,Died,1,"Andrews, Mr. Thomas Jr",male,39,0,0,112050,0,A36,S,Middle Aged,Under 50
333,Died,1,"Graham, Mr. George Edward",male,38,0,1,PC 17582,153.4625,C91,S,Middle Aged,Over 50
358,Died,2,"Funk, Miss. Annie Clemmer",female,38,0,0,237671,13,NA,S,Middle Aged,Under 50
472,Died,3,"Cacic, Mr. Luka",male,38,0,0,315089,8.6625,NA,S,Middle Aged,Under 50
109,Died,3,"Rekic, Mr. Tido",male,38,0,0,349249,7.8958,NA,S,Middle Aged,Under 50
466,Died,3,"Goncalves, Mr. Manuel Estanslas",male,38,0,0,SOTON/O.Q. 3101306,7.05,NA,S,Middle Aged,Under 50
823,Died,1,"Reuchlin, Jonkheer. John George",male,38,0,0,19972,0,NA,S,Middle Aged,Under 50
138,Died,1,"Futrelle, Mr. Jacques Heath",male,37,1,0,113803,53.1,C123,S,Middle Aged,Over 50
274,Died,1,"Natsch, Mr. Charles H",male,37,0,1,PC 17596,29.7,C118,C,Middle Aged,Under 50
149,Died,2,"Navratil, Mr. Michel (""Louis M Hoffman"")",male,37,0,2,230080,26,F2,S,Middle Aged,Under 50
595,Died,2,"Chapman, Mr. John Henry",male,37,1,0,SC/AH 29037,26,NA,S,Middle Aged,Under 50
504,Died,3,"Laitinen, Miss. Kristina Sofia",female,37,0,0,4135,9.5875,NA,S,Middle Aged,Under 50
105,Died,3,"Gustafsson, Mr. Anders Vilhelm",male,37,2,0,3101276,7.925,NA,S,Middle Aged,Under 50
742,Died,1,"Cavendish, Mr. Tyrell William",male,36,1,0,19877,78.85,C46,S,Middle Aged,Over 50
584,Died,1,"Ross, Mr. John Hugo",male,36,0,0,13049,40.125,A10,C,Middle Aged,Under 50
451,Died,2,"West, Mr. Edwy Arthur",male,36,1,2,C.A. 34651,27.75,NA,S,Middle Aged,Under 50
596,Died,3,"Van Impe, Mr. Jean Baptiste",male,36,1,1,345773,24.15,NA,S,Middle Aged,Under 50
606,Died,3,"Lindell, Mr. Edvard Bengtsson",male,36,1,0,349910,15.55,NA,S,Middle Aged,Under 50
345,Died,2,"Fox, Mr. Stanley Hubert",male,36,0,0,229236,13,NA,S,Middle Aged,Under 50
293,Died,2,"Levy, Mr. Rene Jacques",male,36,0,0,SC/Paris 2163,12.875,D,C,Middle Aged,Under 50
266,Died,2,"Reeves, Mr. David",male,36,0,0,C.A. 17248,10.5,NA,S,Middle Aged,Under 50
190,Died,3,"Turcin, Mr. Stjepan",male,36,0,0,349247,7.8958,NA,S,Middle Aged,Under 50
664,Died,3,"Coleff, Mr. Peju",male,36,0,0,349210,7.4958,NA,S,Middle Aged,Under 50
180,Died,3,"Leonard, Mr. Lionel",male,36,0,0,LINE,0,NA,S,Middle Aged,Under 50
21,Died,2,"Fynney, Mr. Joseph J",male,35,0,0,239865,26,NA,S,Middle Aged,Under 50
813,Died,2,"Slemen, Mr. Richard James",male,35,0,0,28206,10.5,NA,S,Middle Aged,Under 50
5,Died,3,"Allen, Mr. William Henry",male,35,0,0,373450,8.05,NA,S,Middle Aged,Under 50
615,Died,3,"Brocklebank, Mr. William Alfred",male,35,0,0,364512,8.05,NA,S,Middle Aged,Under 50
848,Died,3,"Markoff, Mr. Marin",male,35,0,0,349213,7.8958,NA,C,Middle Aged,Under 50
591,Died,3,"Rintamaki, Mr. Matti",male,35,0,0,STON/O 2. 3101273,7.125,NA,S,Middle Aged,Under 50
364,Died,3,"Asim, Mr. Adola",male,35,0,0,SOTON/O.Q. 3101310,7.05,NA,S,Middle Aged,Under 50
844,Died,3,"Lemberopolous, Mr. Peter L",male,35,0,0,2683,6.4375,NA,C,Middle Aged,Under 50
100,Died,2,"Kantor, Mr. Sinai",male,34,1,0,244367,26,NA,S,Middle Aged,Under 50
406,Died,2,"Gale, Mr. Shadrach",male,34,1,0,28664,21,NA,S,Middle Aged,Under 50
477,Died,2,"Renouf, Mr. Peter Henry",male,34,1,0,31027,21,NA,S,Middle Aged,Under 50
617,Died,3,"Danbom, Mr. Ernst Gilbert",male,34,1,1,347080,14.4,NA,S,Middle Aged,Under 50
723,Died,2,"Gillespie, Mr. William Henry",male,34,0,0,12233,13,NA,S,Middle Aged,Under 50
801,Died,2,"Ponesell, Mr. Martin",male,34,0,0,250647,13,NA,S,Middle Aged,Under 50
462,Died,3,"Morley, Mr. William",male,34,0,0,364506,8.05,NA,S,Middle Aged,Under 50
759,Died,3,"Theobald, Mr. Thomas Leonard",male,34,0,0,363294,8.05,NA,S,Middle Aged,Under 50
203,Died,3,"Johanson, Mr. Jakob Alfred",male,34,0,0,3101264,6.4958,NA,S,Middle Aged,Under 50
123,Died,2,"Nasser, Mr. Nicholas",male,33,1,0,237736,30.0708,NA,C,Middle Aged,Under 50
549,Died,3,"Goldsmith, Mr. Frank John",male,33,1,1,363291,20.525,NA,S,Middle Aged,Under 50
240,Died,2,"Hunt, Mr. George Henry",male,33,0,0,SCO/W 1585,12.275,NA,S,Middle Aged,Under 50
753,Died,3,"Vande Velde, Mr. Johannes Joseph",male,33,0,0,345780,9.5,NA,S,Middle Aged,Under 50
286,Died,3,"Stankovic, Mr. Ivan",male,33,0,0,349239,8.6625,NA,C,Middle Aged,Under 50
104,Died,3,"Johansson, Mr. Gustaf Joel",male,33,0,0,7540,8.6542,NA,S,Middle Aged,Under 50
131,Died,3,"Drazenoic, Mr. Jozef",male,33,0,0,349241,7.8958,NA,C,Middle Aged,Under 50
882,Died,3,"Markun, Mr. Johann",male,33,0,0,349257,7.8958,NA,S,Middle Aged,Under 50
720,Died,3,"Johnson, Mr. Malkolm Joackim",male,33,0,0,347062,7.775,NA,S,Middle Aged,Under 50
873,Died,1,"Carlsson, Mr. Frans Olof",male,33,0,0,695,5,B51 B53 B55,S,Middle Aged,Under 50
666,Died,2,"Hickman, Mr. Lewis",male,32,2,0,S.O.C. 14879,73.5,NA,S,Middle Aged,Over 50
207,Died,3,"Backstrom, Mr. Karl Alfred",male,32,1,0,3101278,15.85,NA,S,Middle Aged,Under 50
658,Died,3,"Bourke, Mrs. John (Catherine)",female,32,1,1,364849,15.5,NA,Q,Middle Aged,Under 50
71,Died,2,"Jenkin, Mr. Stephen Curnow",male,32,0,0,C.A. 33111,10.5,NA,S,Middle Aged,Under 50
770,Died,3,"Gronnestad, Mr. Daniel Danielsen",male,32,0,0,8471,8.3625,NA,S,Middle Aged,Under 50
383,Died,3,"Tikkanen, Mr. Juho",male,32,0,0,STON/O 2. 3101293,7.925,NA,S,Middle Aged,Under 50
637,Died,3,"Leinonen, Mr. Antti Gustaf",male,32,0,0,STON/O 2. 3101292,7.925,NA,S,Middle Aged,Under 50
520,Died,3,"Pavlovic, Mr. Stefo",male,32,0,0,349242,7.8958,NA,S,Middle Aged,Under 50
891,Died,3,"Dooley, Mr. Patrick",male,32,0,0,370376,7.75,NA,Q,Middle Aged,Under 50
672,Died,1,"Davidson, Mr. Thornton",male,31,1,0,F.C. 12750,52,B71,S,Middle Aged,Over 50
868,Died,1,"Roebling, Mr. Washington Augustus II",male,31,0,0,PC 17590,50.4958,A24,S,Middle Aged,Over 50
818,Died,2,"Mallet, Mr. Albert",male,31,1,1,S.C./PARIS 2079,37.0042,NA,C,Middle Aged,Under 50
638,Died,2,"Collyer, Mr. Harvey",male,31,1,1,C.A. 31921,26.25,NA,S,Middle Aged,Under 50
19,Died,3,"Vander Planke, Mrs. Julius (Emelia Maria Vandemoortele)",female,31,1,0,345763,18,NA,S,Middle Aged,Under 50
440,Died,2,"Kvillner, Mr. Johan Henrik Johannesson",male,31,0,0,C.A. 18723,10.5,NA,S,Middle Aged,Under 50
815,Died,3,"Tomlin, Mr. Ernest Portage",male,31,0,0,364499,8.05,NA,S,Middle Aged,Under 50
397,Died,3,"Olsson, Miss. Elina",female,31,0,0,350407,7.8542,NA,S,Middle Aged,Under 50
806,Died,3,"Johansson, Mr. Karl Johan",male,31,0,0,347063,7.775,NA,S,Middle Aged,Under 50
750,Died,3,"Connaghton, Mr. Michael",male,31,0,0,335097,7.75,NA,Q,Middle Aged,Under 50
768,Died,3,"Mangan, Miss. Mary",female,31,0,0,364850,7.75,NA,Q,Middle Aged,Under 50
453,Died,1,"Foreman, Mr. Benjamin Laventall",male,30,0,0,113051,27.75,C111,C,Middle Aged,Under 50
800,Died,3,"Van Impe, Mrs. Jean Baptiste (Rosalie Paula Govaert)",female,30,1,1,345773,24.15,NA,S,Middle Aged,Under 50
309,Died,2,"Abelson, Mr. Samuel",male,30,1,0,P/PP 3381,24,NA,C,Middle Aged,Under 50
254,Died,3,"Lobb, Mr. William Arthur",male,30,1,0,A/5. 3336,16.1,NA,S,Middle Aged,Under 50
179,Died,2,"Hale, Mr. Reginald",male,30,0,0,250653,13,NA,S,Middle Aged,Under 50
214,Died,2,"Givard, Mr. Hans Kristensen",male,30,0,0,250646,13,NA,S,Middle Aged,Under 50
419,Died,2,"Matthews, Mr. William John",male,30,0,0,28228,13,NA,S,Middle Aged,Under 50
220,Died,2,"Harris, Mr. Walter",male,30,0,0,W/C 14208,10.5,NA,S,Middle Aged,Under 50
535,Died,3,"Cacic, Miss. Marija",female,30,0,0,315084,8.6625,NA,S,Middle Aged,Under 50
158,Died,3,"Corn, Mr. Harry",male,30,0,0,SOTON/OQ 392090,8.05,NA,S,Middle Aged,Under 50
489,Died,3,"Somerton, Mr. Francis William",male,30,0,0,A.5. 18509,8.05,NA,S,Middle Aged,Under 50
607,Died,3,"Karaic, Mr. Milan",male,30,0,0,349246,7.8958,NA,S,Middle Aged,Under 50
366,Died,3,"Adahl, Mr. Mauritz Nils Martin",male,30,0,0,C 7076,7.25,NA,S,Middle Aged,Under 50
799,Died,3,"Ibrahim Shawah, Mr. Yousseff",male,30,0,0,2685,7.2292,NA,C,Middle Aged,Under 50
245,Died,3,"Attalah, Mr. Sleiman",male,30,0,0,2694,7.225,NA,C,Middle Aged,Under 50
337,Died,1,"Pears, Mr. Thomas Clinton",male,29,1,0,113776,66.6,C2,S,Middle Aged,Over 50
783,Died,1,"Long, Mr. Milton Clyde",male,29,0,0,113501,30,D6,S,Middle Aged,Under 50
362,Died,2,"del Carlo, Mr. Sebastiano",male,29,1,0,SC/PARIS 2167,27.7208,NA,C,Middle Aged,Under 50
568,Died,3,"Palsson, Mrs. Nils (Alma Cornelia Berglund)",female,29,0,4,349909,21.075,NA,S,Middle Aged,Under 50
118,Died,2,"Turpin, Mr. William John Robert",male,29,1,0,11668,21,NA,S,Middle Aged,Under 50
736,Died,3,"Williams, Mr. Leslie",male,29,0,0,54636,16.1,NA,S,Middle Aged,Under 50
243,Died,2,"Coleridge, Mr. Reginald Charles",male,29,0,0,W./C. 14263,10.5,NA,S,Middle Aged,Under 50
252,Died,3,"Strom, Mrs. Wilhelm (Elna Matilda Persson)",female,29,1,1,347054,10.4625,G6,S,Middle Aged,Under 50
714,Died,3,"Larsson, Mr. August Viktor",male,29,0,0,7545,9.4833,NA,S,Middle Aged,Under 50
91,Died,3,"Christmann, Mr. Emil",male,29,0,0,343276,8.05,NA,S,Middle Aged,Under 50
423,Died,3,"Zimmerman, Mr. Leo",male,29,0,0,315082,7.875,NA,S,Middle Aged,Under 50
232,Died,3,"Larsson, Mr. Bengt Edvin",male,29,0,0,347067,7.775,NA,S,Middle Aged,Under 50
58,Died,3,"Novel, Mr. Mansouer",male,29,0,0,2697,7.2292,NA,C,Middle Aged,Under 50
478,Died,3,"Braund, Mr. Lewis Richard",male,29,1,0,3460,7.0458,NA,S,Middle Aged,Under 50
35,Died,1,"Meyer, Mr. Edgar Joseph",male,28,1,0,PC 17604,82.1708,NA,C,Middle Aged,Over 50
170,Died,3,"Ling, Mr. Lee",male,28,0,0,1601,56.4958,NA,S,Middle Aged,Over 50
84,Died,1,"Carrau, Mr. Francisco M",male,28,0,0,113059,47.1,NA,S,Middle Aged,Under 50
849,Died,2,"Harper, Rev. John",male,28,0,1,248727,33,NA,S,Middle Aged,Under 50
509,Died,3,"Olsen, Mr. Henry Margido",male,28,0,0,C 4001,22.525,NA,S,Middle Aged,Under 50
404,Died,3,"Hakkarainen, Mr. Pekka Pietari",male,28,1,0,STON/O2. 3101279,15.85,NA,S,Middle Aged,Under 50
424,Died,3,"Danbom, Mrs. Ernst Gilbert (Anna Sigrid Maria Brogren)",female,28,1,1,347080,14.4,NA,S,Middle Aged,Under 50
563,Died,2,"Norman, Mr. Robert Douglas",male,28,0,0,218629,13.5,NA,S,Middle Aged,Under 50
343,Died,2,"Collander, Mr. Erik Gustaf",male,28,0,0,248740,13,NA,S,Middle Aged,Under 50
884,Died,2,"Banfield, Mr. Frederick James",male,28,0,0,C.A./SOTON 34068,10.5,NA,S,Middle Aged,Under 50
201,Died,3,"Vande Walle, Mr. Nestor Cyriel",male,28,0,0,345770,9.5,NA,S,Middle Aged,Under 50
356,Died,3,"Vanden Steen, Mr. Leo Peter",male,28,0,0,345783,9.5,NA,S,Middle Aged,Under 50
393,Died,3,"Gustafsson, Mr. Johan Birger",male,28,2,0,3101277,7.925,NA,S,Middle Aged,Under 50
101,Died,3,"Petranec, Miss. Matilda",female,28,0,0,349245,7.8958,NA,S,Middle Aged,Under 50
106,Died,3,"Mionoff, Mr. Stoytcho",male,28,0,0,349207,7.8958,NA,S,Middle Aged,Under 50
314,Died,3,"Hendekovic, Mr. Ignjac",male,28,0,0,349243,7.8958,NA,S,Middle Aged,Under 50
282,Died,3,"Olsson, Mr. Nils Johan Goransson",male,28,0,0,347464,7.8542,NA,S,Middle Aged,Under 50
757,Died,3,"Carlsson, Mr. August Sigfrid",male,28,0,0,350042,7.7958,NA,S,Middle Aged,Under 50
378,Died,1,"Widener, Mr. Harry Elkins",male,27,0,2,113503,211.5,C82,C,Middle Aged,Over 50
552,Died,2,"Sharp, Mr. Percival James R",male,27,0,0,244358,26,NA,S,Middle Aged,Under 50
42,Died,2,"Turpin, Mrs. William John Robert (Dorothy Ann Wonnacott)",female,27,1,0,11668,21,NA,S,Middle Aged,Under 50
621,Died,3,"Yasbeck, Mr. Antoni",male,27,1,0,2659,14.4542,NA,C,Middle Aged,Under 50
222,Died,2,"Bracken, Mr. James H",male,27,0,0,220367,13,NA,S,Middle Aged,Under 50
887,Died,2,"Montvila, Rev. Juozas",male,27,0,0,211536,13,NA,S,Middle Aged,Under 50
322,Died,3,"Danoff, Mr. Yoto",male,27,0,0,349219,7.8958,NA,S,Middle Aged,Under 50
313,Died,2,"Lahtinen, Mrs. William (Anna Sylfven)",female,26,1,1,250651,26,NA,S,Middle Aged,Under 50
94,Died,3,"Dean, Mr. Bertram Frank",male,26,1,2,C.A. 2315,20.575,NA,S,Middle Aged,Under 50
618,Died,3,"Lobb, Mrs. William Arthur (Cordelia K Stanlick)",female,26,1,0,A/5. 3336,16.1,NA,S,Middle Aged,Under 50
74,Died,3,"Chronopoulos, Mr. Apostolos",male,26,1,0,2680,14.4542,NA,C,Middle Aged,Under 50
620,Died,2,"Gavey, Mr. Lawrence",male,26,0,0,31028,10.5,NA,S,Middle Aged,Under 50
70,Died,3,"Kink, Mr. Vincenz",male,26,2,0,315151,8.6625,NA,S,Middle Aged,Under 50
402,Died,3,"Adams, Mr. John",male,26,0,0,341826,8.05,NA,S,Middle Aged,Under 50
629,Died,3,"Bostandyeff, Mr. Guentcho",male,26,0,0,349224,7.8958,NA,S,Middle Aged,Under 50
871,Died,3,"Balkic, Mr. Cerin",male,26,0,0,349248,7.8958,NA,S,Middle Aged,Under 50
811,Died,3,"Alexander, Mr. William",male,26,0,0,3474,7.8875,NA,S,Middle Aged,Under 50
705,Died,3,"Hansen, Mr. Henrik Juul",male,26,1,0,350025,7.8542,NA,S,Middle Aged,Under 50
163,Died,3,"Bengtsson, Mr. John Viktor",male,26,0,0,347068,7.775,NA,S,Middle Aged,Under 50
499,Died,1,"Allison, Mrs. Hudson J C (Bessie Waldo Daniels)",female,25,1,2,113781,151.55,C22 C26,S,Middle Aged,Over 50
686,Died,2,"Laroche, Mr. Joseph Philippe Lemercier",male,25,1,2,SC/Paris 2123,41.5792,NA,C,Middle Aged,Under 50
729,Died,2,"Bryhl, Mr. Kurt Arnold Gottfrid",male,25,1,0,236853,26,NA,S,Middle Aged,Under 50
354,Died,3,"Arnold-Franchi, Mr. Josef",male,25,1,0,349237,17.8,NA,S,Middle Aged,Under 50
135,Died,2,"Sobey, Mr. Samuel James Hayden",male,25,0,0,C.A. 29178,13,NA,S,Middle Aged,Under 50
344,Died,2,"Sedgwick, Mr. Charles Frederick Waddington",male,25,0,0,244361,13,NA,S,Middle Aged,Under 50
667,Died,2,"Butler, Mr. Reginald Fenton",male,25,0,0,234686,13,NA,S,Middle Aged,Under 50
677,Died,3,"Sawyer, Mr. Frederick Charles",male,25,0,0,342826,8.05,NA,S,Middle Aged,Under 50
730,Died,3,"Ilmakangas, Miss. Pieta Sofia",female,25,1,0,STON/O2. 3101271,7.925,NA,S,Middle Aged,Under 50
795,Died,3,"Dantcheff, Mr. Ristiu",male,25,0,0,349203,7.8958,NA,S,Middle Aged,Under 50
247,Died,3,"Lindahl, Miss. Agda Thorilda Viktoria",female,25,0,0,347071,7.775,NA,S,Middle Aged,Under 50
443,Died,3,"Petterson, Mr. Johan Emil",male,25,1,0,347076,7.775,NA,S,Middle Aged,Under 50
704,Died,3,"Gallagher, Mr. Martin",male,25,0,0,36864,7.7417,NA,Q,Middle Aged,Under 50
76,Died,3,"Moen, Mr. Sigurd Hansen",male,25,0,0,348123,7.65,F G73,S,Middle Aged,Under 50
786,Died,3,"Harmer, Mr. Abraham (David Lishin)",male,25,0,0,374887,7.25,NA,S,Middle Aged,Under 50
694,Died,3,"Saad, Mr. Khalil",male,25,0,0,2672,7.225,NA,C,Middle Aged,Under 50
785,Died,3,"Ali, Mr. William",male,25,0,0,SOTON/O.Q. 3101312,7.05,NA,S,Middle Aged,Under 50
885,Died,3,"Sutehall, Mr. Henry Jr",male,25,0,0,SOTON/OQ 392076,7.05,NA,S,Middle Aged,Under 50
119,Died,1,"Baxter, Mr. Quigg Edmond",male,24,0,1,PC 17558,247.5208,B58 B60,C,Middle Aged,Over 50
140,Died,1,"Giglio, Mr. Victor",male,24,0,0,PC 17593,79.2,B86,C,Middle Aged,Over 50
656,Died,2,"Hickman, Mr. Leonard Mark",male,24,2,0,S.O.C. 14879,73.5,NA,S,Middle Aged,Over 50
566,Died,3,"Davies, Mr. Alfred J",male,24,2,0,A/4 48871,24.15,NA,S,Middle Aged,Under 50
744,Died,3,"McNamee, Mr. Neal",male,24,1,0,376566,16.1,NA,S,Middle Aged,Under 50
200,Died,2,"Yrois, Miss. Henriette (""Mrs Harbeck"")",female,24,0,0,248747,13,NA,S,Middle Aged,Under 50
865,Died,2,"Gill, Mr. John William",male,24,0,0,233866,13,NA,S,Middle Aged,Under 50
235,Died,2,"Leyson, Mr. Robert William Norman",male,24,0,0,C.A. 29566,10.5,NA,S,Middle Aged,Under 50
771,Died,3,"Lievens, Mr. Rene Aime",male,24,0,0,345781,9.5,NA,S,Middle Aged,Under 50
294,Died,3,"Haas, Miss. Aloisia",female,24,0,0,349236,8.85,NA,S,Middle Aged,Under 50
90,Died,3,"Celotti, Mr. Francesco",male,24,0,0,343275,8.05,NA,S,Middle Aged,Under 50
295,Died,3,"Mineff, Mr. Ivan",male,24,0,0,349233,7.8958,NA,S,Middle Aged,Under 50
500,Died,3,"Svensson, Mr. Olof",male,24,0,0,350035,7.7958,NA,S,Middle Aged,Under 50
515,Died,3,"Coleff, Mr. Satio",male,24,0,0,349209,7.4958,NA,S,Middle Aged,Under 50
297,Died,3,"Hanna, Mr. Mansour",male,24,0,0,2693,7.2292,NA,C,Middle Aged,Under 50
211,Died,3,"Ali, Mr. Ahmed",male,24,0,0,SOTON/O.Q. 3101311,7.05,NA,S,Middle Aged,Under 50
136,Died,2,"Richard, Mr. Emile",male,23,0,0,SC/PARIS 2133,15.0458,NA,C,Middle Aged,Under 50
659,Died,2,"Eitemiller, Mr. George Floyd",male,23,0,0,29751,13,NA,S,Middle Aged,Under 50
734,Died,2,"Berriman, Mr. William John",male,23,0,0,28425,13,NA,S,Middle Aged,Under 50
735,Died,2,"Troupiansky, Mr. Moses Aaron",male,23,0,0,233639,13,NA,S,Middle Aged,Under 50
530,Died,2,"Hocking, Mr. Richard George",male,23,2,1,29104,11.5,NA,S,Middle Aged,Under 50
399,Died,2,"Pain, Dr. Alfred",male,23,0,0,244278,10.5,NA,S,Middle Aged,Under 50
351,Died,3,"Odahl, Mr. Nils Martin",male,23,0,0,7267,9.225,NA,S,Middle Aged,Under 50
817,Died,3,"Heininen, Miss. Wendla Maria",female,23,0,0,STON/O2. 3101290,7.925,NA,S,Middle Aged,Under 50
754,Died,3,"Jonkoff, Mr. Lalio",male,23,0,0,349204,7.8958,NA,S,Middle Aged,Under 50
834,Died,3,"Augustsson, Mr. Albert",male,23,0,0,347468,7.8542,NA,S,Middle Aged,Under 50
374,Died,1,"Ringhini, Mr. Sante",male,22,0,0,PC 17760,135.6333,NA,C,Middle Aged,Over 50
883,Died,3,"Dahlberg, Miss. Gerda Ulrika",female,22,0,0,7552,10.5167,NA,S,Middle Aged,Under 50
475,Died,3,"Strandberg, Miss. Ida Sofia",female,22,0,0,7553,9.8375,NA,S,Middle Aged,Under 50
226,Died,3,"Berglund, Mr. Karl Ivar Sven",male,22,0,0,PP 4348,9.35,NA,S,Middle Aged,Under 50
81,Died,3,"Waelens, Mr. Achille",male,22,0,0,345767,9,NA,S,Middle Aged,Under 50
113,Died,3,"Barton, Mr. David John",male,22,0,0,324669,8.05,NA,S,Middle Aged,Under 50
589,Died,3,"Gilinski, Mr. Eliezer",male,22,0,0,14973,8.05,NA,S,Middle Aged,Under 50
288,Died,3,"Naidenoff, Mr. Penko",male,22,0,0,349206,7.8958,NA,S,Middle Aged,Under 50
522,Died,3,"Vovk, Mr. Janko",male,22,0,0,349252,7.8958,NA,S,Middle Aged,Under 50
396,Died,3,"Johansson, Mr. Erik",male,22,0,0,350052,7.7958,NA,S,Middle Aged,Under 50
479,Died,3,"Karlsson, Mr. Nils August",male,22,0,0,350060,7.5208,NA,S,Middle Aged,Under 50
1,Died,3,"Braund, Mr. Owen Harris",male,22,1,0,A/5 21171,7.25,NA,S,Middle Aged,Under 50
213,Died,3,"Perkin, Mr. John Henry",male,22,0,0,A/5 21174,7.25,NA,S,Middle Aged,Under 50
321,Died,3,"Dennis, Mr. Samuel",male,22,0,0,A/5 21172,7.25,NA,S,Middle Aged,Under 50
61,Died,3,"Sirayanian, Mr. Orsen",male,22,0,0,2669,7.2292,NA,C,Middle Aged,Under 50
244,Died,3,"Maenpaa, Mr. Matti Alexanteri",male,22,0,0,STON/O 2. 3101275,7.125,NA,S,Middle Aged,Under 50
103,Died,1,"White, Mr. Richard Frasar",male,21,0,1,35281,77.2875,D26,S,Middle Aged,Over 50
73,Died,2,"Hood, Mr. Ambrose Jr",male,21,0,0,S.O.C. 14879,73.5,NA,S,Middle Aged,Over 50
121,Died,2,"Hickman, Mr. Stanley George",male,21,2,0,S.O.C. 14879,73.5,NA,S,Middle Aged,Over 50
437,Died,3,"Ford, Miss. Doolina Margaret ""Daisy""",female,21,2,2,W./C. 6608,34.375,NA,S,Middle Aged,Under 50
625,Died,3,"Bowen, Mr. David John ""Dai""",male,21,0,0,54636,16.1,NA,S,Middle Aged,Under 50
862,Died,2,"Giles, Mr. Frederick Edward",male,21,1,0,28134,11.5,NA,S,Middle Aged,Under 50
403,Died,3,"Jussila, Miss. Mari Aina",female,21,1,0,4137,9.825,NA,S,Middle Aged,Under 50
837,Died,3,"Pasic, Mr. Jakob",male,21,0,0,315097,8.6625,NA,S,Middle Aged,Under 50
653,Died,3,"Kalvik, Mr. Johannes Halvorsen",male,21,0,0,8475,8.4333,NA,S,Middle Aged,Under 50
38,Died,3,"Cann, Mr. Ernest Charles",male,21,0,0,A./5. 2152,8.05,NA,S,Middle Aged,Under 50
495,Died,3,"Stanley, Mr. Edward Roland",male,21,0,0,A/4 45380,8.05,NA,S,Middle Aged,Under 50
116,Died,3,"Pekoniemi, Mr. Edvard",male,21,0,0,STON/O 2. 3101294,7.925,NA,S,Middle Aged,Under 50
174,Died,3,"Sivola, Mr. Antti Wilhelm",male,21,0,0,STON/O 2. 3101280,7.925,NA,S,Middle Aged,Under 50
624,Died,3,"Hansen, Mr. Henry Damsgaard",male,21,0,0,350029,7.8542,NA,S,Middle Aged,Under 50
52,Died,3,"Nosworthy, Mr. Richard Cater",male,21,0,0,A/4. 39886,7.8,NA,S,Middle Aged,Under 50
409,Died,3,"Birkeland, Mr. Hans Martin Monsen",male,21,0,0,312992,7.775,NA,S,Middle Aged,Under 50
502,Died,3,"Canavan, Miss. Mary",female,21,0,0,364846,7.75,NA,Q,Middle Aged,Under 50
422,Died,3,"Charters, Mr. David",male,21,0,0,A/5. 13032,7.7333,NA,Q,Middle Aged,Under 50
228,Died,3,"Lovell, Mr. John Hall (""Henry"")",male,21,0,0,A/5 21173,7.25,NA,S,Middle Aged,Under 50
492,Died,3,"Windelov, Mr. Einar",male,21,0,0,SOTON/OQ 3101317,7.25,NA,S,Middle Aged,Under 50
877,Died,3,"Gustafsson, Mr. Alfred Ossian",male,20,0,0,7534,9.8458,NA,S,Middle Aged,Under 50
114,Died,3,"Jussila, Miss. Katriina",female,20,1,0,4136,9.825,NA,S,Middle Aged,Under 50
442,Died,3,"Hampe, Mr. Leon",male,20,0,0,345769,9.5,NA,S,Middle Aged,Under 50
683,Died,3,"Olsvigen, Mr. Thor Anderson",male,20,0,0,6563,9.225,NA,S,Middle Aged,Under 50
405,Died,3,"Oreskovic, Miss. Marija",female,20,0,0,315096,8.6625,NA,S,Middle Aged,Under 50
726,Died,3,"Oreskovic, Mr. Luka",male,20,0,0,315094,8.6625,NA,S,Middle Aged,Under 50
13,Died,3,"Saundercock, Mr. William Henry",male,20,0,0,A/5. 2151,8.05,NA,S,Middle Aged,Under 50
841,Died,3,"Alhomaki, Mr. Ilmari Rudolf",male,20,0,0,SOTON/O2 3101287,7.925,NA,S,Middle Aged,Under 50
92,Died,3,"Andreasson, Mr. Paul Edvin",male,20,0,0,347466,7.8542,NA,S,Middle Aged,Under 50
641,Died,3,"Jensen, Mr. Hans Peder",male,20,0,0,350050,7.8542,NA,S,Middle Aged,Under 50
132,Died,3,"Coelho, Mr. Domingos Fernandeo",male,20,0,0,SOTON/O.Q. 3101307,7.05,NA,S,Middle Aged,Under 50
379,Died,3,"Betros, Mr. Tannous",male,20,0,0,2648,4.0125,NA,C,Middle Aged,Under 50
28,Died,1,"Fortune, Mr. Charles Alexander",male,19,3,2,19950,263,C23 C25 C27,S,Middle Aged,Over 50
749,Died,1,"Marvin, Mr. Daniel Warner",male,19,1,0,113773,53.1,D30,S,Middle Aged,Over 50
146,Died,2,"Nicholls, Mr. Joseph Charles",male,19,1,1,C.A. 33112,36.75,NA,S,Middle Aged,Under 50
576,Died,3,"Patchett, Mr. George",male,19,0,0,358585,14.5,NA,S,Middle Aged,Under 50
192,Died,2,"Carbines, Mr. William",male,19,0,0,28424,13,NA,S,Middle Aged,Under 50
239,Died,2,"Pengelly, Mr. Frederick William",male,19,0,0,28665,10.5,NA,S,Middle Aged,Under 50
688,Died,3,"Dakic, Mr. Branko",male,19,0,0,349228,10.1708,NA,S,Middle Aged,Under 50
68,Died,3,"Crease, Mr. Ernest James",male,19,0,0,S.P. 3464,8.1583,NA,S,Middle Aged,Under 50
373,Died,3,"Beavan, Mr. William Thomas",male,19,0,0,323951,8.05,NA,S,Middle Aged,Under 50
567,Died,3,"Stoytcheff, Mr. Ilia",male,19,0,0,349205,7.8958,NA,S,Middle Aged,Under 50
647,Died,3,"Cor, Mr. Liudevit",male,19,0,0,349231,7.8958,NA,S,Middle Aged,Under 50
878,Died,3,"Petroff, Mr. Nedelio",male,19,0,0,349212,7.8958,NA,S,Middle Aged,Under 50
380,Died,3,"Gustafsson, Mr. Karl Gideon",male,19,0,0,347069,7.775,NA,S,Middle Aged,Under 50
716,Died,3,"Soholt, Mr. Peter Andreas Lauritz Andersen",male,19,0,0,348124,7.65,F G73,S,Middle Aged,Under 50
144,Died,3,"Burke, Mr. Jeremiah",male,19,0,0,365222,6.75,NA,Q,Middle Aged,Under 50
303,Died,3,"Johnson, Mr. William Cahoone Jr",male,19,0,0,LINE,0,NA,S,Middle Aged,Under 50
506,Died,1,"Penasco y Castellana, Mr. Victor de Satode",male,18,1,0,PC 17758,108.9,C65,C,Middle Aged,Over 50
386,Died,2,"Davies, Mr. Charles Henry",male,18,0,0,S.O.C. 14879,73.5,NA,S,Middle Aged,Over 50
425,Died,3,"Rosblom, Mr. Viktor Richard",male,18,1,1,370129,20.2125,NA,S,Middle Aged,Under 50
39,Died,3,"Vander Planke, Miss. Augusta Maria",female,18,2,0,345764,18,NA,S,Middle Aged,Under 50
50,Died,3,"Arnold-Franchi, Mrs. Josef (Josefine Franchi)",female,18,1,0,349237,17.8,NA,S,Middle Aged,Under 50
703,Died,3,"Barbara, Miss. Saiide",female,18,0,1,2691,14.4542,NA,C,Middle Aged,Under 50
229,Died,2,"Fahlstrom, Mr. Arne Jonas",male,18,0,0,236171,13,NA,S,Middle Aged,Under 50
145,Died,2,"Andrew, Mr. Edgardo Samuel",male,18,0,0,231945,11.5,NA,S,Middle Aged,Under 50
758,Died,2,"Bailey, Mr. Percy Andrew",male,18,0,0,29108,11.5,NA,S,Middle Aged,Under 50
835,Died,3,"Allum, Mr. Owen George",male,18,0,0,2223,8.3,NA,S,Middle Aged,Under 50
176,Died,3,"Klasen, Mr. Klas Albin",male,18,1,1,350404,7.8542,NA,S,Middle Aged,Under 50
689,Died,3,"Fischer, Mr. Eberhard Thelander",male,18,0,0,350036,7.7958,NA,S,Middle Aged,Under 50
676,Died,3,"Edvardsson, Mr. Gustaf Hjalmar",male,18,0,0,349912,7.775,NA,S,Middle Aged,Under 50
808,Died,3,"Pettersson, Miss. Ellen Natalia",female,18,0,0,347087,7.775,NA,S,Middle Aged,Under 50
776,Died,3,"Myhrman, Mr. Pehr Fabian Oliver Malkolm",male,18,0,0,347078,7.75,NA,S,Middle Aged,Under 50
655,Died,3,"Hegarty, Miss. Hanora ""Nora""",female,18,0,0,365226,6.75,NA,Q,Middle Aged,Under 50
372,Died,3,"Wiklund, Mr. Jakob Alfred",male,18,1,0,3101267,6.4958,NA,S,Middle Aged,Under 50
115,Died,3,"Attalah, Miss. Malake",female,17,0,0,2627,14.4583,NA,C,Middle Aged,Under 50
164,Died,3,"Calic, Mr. Jovo",male,17,0,0,315093,8.6625,NA,S,Middle Aged,Under 50
501,Died,3,"Calic, Mr. Petar",male,17,0,0,315086,8.6625,NA,S,Middle Aged,Under 50
845,Died,3,"Culumovic, Mr. Jeso",male,17,0,0,315090,8.6625,NA,S,Middle Aged,Under 50
533,Died,3,"Elias, Mr. Joseph Jr",male,17,1,1,2690,7.2292,NA,C,Middle Aged,Under 50
434,Died,3,"Kallio, Mr. Nikolai Erland",male,17,0,0,STON/O 2. 3101274,7.125,NA,S,Middle Aged,Under 50
722,Died,3,"Jensen, Mr. Svend Lauritz",male,17,1,0,350048,7.0542,NA,S,Middle Aged,Under 50
72,Died,3,"Goodwin, Miss. Lillian Amy",female,16,5,2,CA 2144,46.9,NA,S,Middle Aged,Under 50
267,Died,3,"Panula, Mr. Ernesti Arvid",male,16,4,1,3101295,39.6875,NA,S,Middle Aged,Under 50
87,Died,3,"Ford, Mr. William Neal",male,16,1,3,W./C. 6608,34.375,NA,S,Middle Aged,Under 50
792,Died,2,"Gaskell, Mr. Alfred",male,16,0,0,239865,26,NA,S,Middle Aged,Under 50
747,Died,3,"Abbott, Mr. Rossmore Edward",male,16,1,1,C.A. 2673,20.25,NA,S,Middle Aged,Under 50
334,Died,3,"Vander Planke, Mr. Leo Edmondus",male,16,2,0,345764,18,NA,S,Middle Aged,Under 50
842,Died,2,"Mudd, Mr. Thomas Charles",male,16,0,0,S.O./P.P. 3,10.5,NA,S,Middle Aged,Under 50
283,Died,3,"de Pelsmaeker, Mr. Alfons",male,16,0,0,345778,9.5,NA,S,Middle Aged,Under 50
139,Died,3,"Osen, Mr. Olaf Elon",male,16,0,0,7534,9.2167,NA,S,Middle Aged,Under 50
575,Died,3,"Rush, Mr. Alfred George John",male,16,0,0,A/4. 20589,8.05,NA,S,Middle Aged,Under 50
765,Died,3,"Eklund, Mr. Hans Linus",male,16,0,0,347074,7.775,NA,S,Middle Aged,Under 50
112,Died,3,"Zabour, Miss. Hileni",female,15,1,0,2665,14.4542,NA,C,NA,Under 50
353,Died,3,"Elias, Mr. Tannous",male,15,1,1,2695,7.2292,NA,C,NA,Under 50
684,Died,3,"Goodwin, Mr. Charles Edward",male,14,5,2,CA 2144,46.9,NA,S,Child,Under 50
687,Died,3,"Panula, Mr. Jaako Arnold",male,14,4,1,3101295,39.6875,NA,S,Child,Under 50
15,Died,3,"Vestrom, Miss. Hulda Amanda Adolfina",female,14,0,0,350406,7.8542,NA,S,Child,Under 50
60,Died,3,"Goodwin, Master. William Frederick",male,11,5,2,CA 2144,46.9,NA,S,Child,Under 50
543,Died,3,"Andersson, Miss. Sigrid Elisabeth",female,11,4,2,347082,31.275,NA,S,Child,Under 50
732,Died,3,"Hassan, Mr. Houssein G N",male,11,0,0,2699,18.7875,NA,C,Child,Under 50
820,Died,3,"Skoog, Master. Karl Thorsten",male,10,3,2,347088,27.9,NA,S,Child,Under 50
420,Died,3,"Van Impe, Miss. Catharina",female,10,0,2,345773,24.15,NA,S,Child,Under 50
481,Died,3,"Goodwin, Master. Harold Victor",male,9,5,2,CA 2144,46.9,NA,S,Child,Under 50
148,Died,3,"Ford, Miss. Robina Maggie ""Ruby""",female,9,2,2,W./C. 6608,34.375,NA,S,Child,Under 50
183,Died,3,"Asplund, Master. Clarence Gustaf Hugo",male,9,4,2,347077,31.3875,NA,S,Child,Under 50
542,Died,3,"Andersson, Miss. Ingeborg Constanzia",female,9,4,2,347082,31.275,NA,S,Child,Under 50
635,Died,3,"Skoog, Miss. Mabel",female,9,3,2,347088,27.9,NA,S,Child,Under 50
853,Died,3,"Boulos, Miss. Nourelain",female,9,1,1,2678,15.2458,NA,C,Child,Under 50
788,Died,3,"Rice, Master. George Hugh",male,8,4,1,382652,29.125,NA,Q,Child,Under 50
25,Died,3,"Palsson, Miss. Torborg Danira",female,8,3,1,349909,21.075,NA,S,Child,Under 50
51,Died,3,"Panula, Master. Juha Niilo",male,7,4,1,3101295,39.6875,NA,S,Child,Under 50
279,Died,3,"Rice, Master. Eric",male,7,4,1,382652,29.125,NA,Q,Child,Under 50
814,Died,3,"Andersson, Miss. Ebba Iris Alfrida",female,6,4,2,347082,31.275,NA,S,Child,Under 50
851,Died,3,"Andersson, Master. Sigvard Harald Elias",male,4,4,2,347082,31.275,NA,S,Child,Under 50
172,Died,3,"Rice, Master. Arthur",male,4,4,1,382652,29.125,NA,Q,Child,Under 50
64,Died,3,"Skoog, Master. Harald",male,4,3,2,347088,27.9,NA,S,Child,Under 50
375,Died,3,"Palsson, Miss. Stina Viola",female,3,3,1,349909,21.075,NA,S,Child,Under 50
298,Died,1,"Allison, Miss. Helen Loraine",female,2,1,2,113781,151.55,C22 C26,S,Child,Over 50
825,Died,3,"Panula, Master. Urho Abraham",male,2,4,1,3101295,39.6875,NA,S,Child,Under 50
120,Died,3,"Andersson, Miss. Ellis Anna Maria",female,2,4,2,347082,31.275,NA,S,Child,Under 50
17,Died,3,"Rice, Master. Eugene",male,2,4,1,382652,29.125,NA,Q,Child,Under 50
643,Died,3,"Skoog, Miss. Margit Elizabeth",female,2,3,2,347088,27.9,NA,S,Child,Under 50
8,Died,3,"Palsson, Master. Gosta Leonard",male,2,3,1,349909,21.075,NA,S,Child,Under 50
206,Died,3,"Strom, Miss. Telma Matilda",female,2,0,1,347054,10.4625,G6,S,Child,Under 50
387,Died,3,"Goodwin, Master. Sidney Leonard",male,1,5,2,CA 2144,46.9,NA,S,Child,Under 50
165,Died,3,"Panula, Master. Eino Viljami",male,1,4,1,3101295,39.6875,NA,S,Child,Under 50
558,Died,1,"Robbins, Mr. Victor",male,NA,0,0,PC 17757,227.525,NA,C,NA,Over 50
528,Died,1,"Farthing, Mr. John",male,NA,0,0,PC 17483,221.7792,C95,S,NA,Over 50
160,Died,3,"Sage, Master. Thomas Henry",male,NA,8,2,CA. 2343,69.55,NA,S,NA,Over 50
181,Died,3,"Sage, Miss. Constance Gladys",female,NA,8,2,CA. 2343,69.55,NA,S,NA,Over 50
202,Died,3,"Sage, Mr. Frederick",male,NA,8,2,CA. 2343,69.55,NA,S,NA,Over 50
325,Died,3,"Sage, Mr. George John Jr",male,NA,8,2,CA. 2343,69.55,NA,S,NA,Over 50
793,Died,3,"Sage, Miss. Stella Anna",female,NA,8,2,CA. 2343,69.55,NA,S,NA,Over 50
847,Died,3,"Sage, Mr. Douglas Bullen",male,NA,8,2,CA. 2343,69.55,NA,S,NA,Over 50
864,Died,3,"Sage, Miss. Dorothy Edith ""Dolly""",female,NA,8,2,CA. 2343,69.55,NA,S,NA,Over 50
827,Died,3,"Lam, Mr. Len",male,NA,0,0,1601,56.4958,NA,S,NA,Over 50
476,Died,1,"Clifford, Mr. George Quincy",male,NA,0,0,110465,52,A14,S,NA,Over 50
186,Died,1,"Rood, Mr. Hugh Roscoe",male,NA,0,0,113767,50,A32,S,NA,Over 50
603,Died,1,"Harrington, Mr. Charles H",male,NA,0,0,113796,42.4,NA,S,NA,Under 50
767,Died,1,"Brewe, Dr. Arthur Jackson",male,NA,0,0,112379,39.6,NA,C,NA,Under 50
352,Died,1,"Williams-Lambert, Mr. Fletcher Fellows",male,NA,0,0,113510,35,C128,S,NA,Under 50
271,Died,1,"Cairns, Mr. Alexander",male,NA,0,0,113798,31,NA,S,NA,Under 50
794,Died,1,"Hoyt, Mr. William Fisher",male,NA,0,0,PC 17600,30.6958,NA,C,NA,Under 50
65,Died,1,"Stewart, Mr. Albert A",male,NA,0,0,PC 17605,27.7208,NA,C,NA,Under 50
296,Died,1,"Lewy, Mr. Ervin G",male,NA,0,0,PC 17612,27.7208,NA,C,NA,Under 50
712,Died,1,"Klaber, Mr. Herman",male,NA,0,0,113028,26.55,C124,S,NA,Under 50
285,Died,1,"Smith, Mr. Richard William",male,NA,0,0,113056,26,A19,S,NA,Under 50
169,Died,1,"Baumann, Mr. John D",male,NA,0,0,PC 17318,25.925,NA,S,NA,Under 50
177,Died,3,"Lefebre, Master. Henry Forbes",male,NA,3,1,4133,25.4667,NA,S,NA,Under 50
230,Died,3,"Lefebre, Miss. Mathilde",female,NA,3,1,4133,25.4667,NA,S,NA,Under 50
410,Died,3,"Lefebre, Miss. Ida",female,NA,3,1,4133,25.4667,NA,S,NA,Under 50
486,Died,3,"Lefebre, Miss. Jeannie",female,NA,3,1,4133,25.4667,NA,S,NA,Under 50
518,Died,3,"Ryan, Mr. Patrick",male,NA,0,0,371110,24.15,NA,Q,NA,Under 50
769,Died,3,"Moran, Mr. Daniel J",male,NA,1,0,371110,24.15,NA,Q,NA,Under 50
784,Died,3,"Johnston, Mr. Andrew G",male,NA,1,2,W./C. 6607,23.45,NA,S,NA,Under 50
889,Died,3,"Johnston, Miss. Catherine Helen ""Carrie""",female,NA,1,2,W./C. 6607,23.45,NA,S,NA,Under 50
49,Died,3,"Samaan, Mr. Youssef",male,NA,2,0,2662,21.6792,NA,C,NA,Under 50
452,Died,3,"Hagland, Mr. Ingvald Olai Olsen",male,NA,1,0,65303,19.9667,NA,S,NA,Under 50
491,Died,3,"Hagland, Mr. Konrad Mathias Reiersen",male,NA,1,0,65304,19.9667,NA,S,NA,Under 50
640,Died,3,"Thorneycroft, Mr. Percival",male,NA,1,0,376564,16.1,NA,S,NA,Under 50
47,Died,3,"Lennon, Mr. Denis",male,NA,1,0,370371,15.5,NA,Q,NA,Under 50
365,Died,3,"O'Brien, Mr. Thomas",male,NA,1,0,370365,15.5,NA,Q,NA,Under 50
719,Died,3,"McEvoy, Mr. Michael",male,NA,0,0,36568,15.5,NA,Q,NA,Under 50
141,Died,3,"Boulos, Mrs. Joseph (Sultana)",female,NA,0,2,2678,15.2458,NA,C,NA,Under 50
498,Died,3,"Shellard, Mr. Frederick William",male,NA,0,0,C.A. 6212,15.1,NA,S,NA,Under 50
182,Died,2,"Pernot, Mr. Rene",male,NA,0,0,SC/PARIS 2131,15.05,NA,C,NA,Under 50
539,Died,3,"Risien, Mr. Samuel Beard",male,NA,0,0,364498,14.5,NA,S,NA,Under 50
761,Died,3,"Garfirth, Mr. John",male,NA,0,0,358585,14.5,NA,S,NA,Under 50
496,Died,3,"Yousseff, Mr. Gerious",male,NA,0,0,2627,14.4583,NA,C,NA,Under 50
579,Died,3,"Caram, Mrs. Joseph (Maria Elias)",female,NA,1,0,2689,14.4583,NA,C,NA,Under 50
241,Died,3,"Zabour, Miss. Thamine",female,NA,1,0,2665,14.4542,NA,C,NA,Under 50
869,Died,3,"van Melkebeke, Mr. Philemon",male,NA,0,0,345777,9.5,NA,S,NA,Under 50
585,Died,3,"Paulner, Mr. Uscher",male,NA,0,0,3411,8.7125,NA,C,NA,Under 50
159,Died,3,"Smiljanic, Mr. Mile",male,NA,0,0,315037,8.6625,NA,S,NA,Under 50
6,Died,3,"Moran, Mr. James",male,NA,0,0,330877,8.4583,NA,Q,NA,Under 50
681,Died,3,"Peters, Miss. Katie",female,NA,0,0,330935,8.1375,NA,Q,NA,Under 50
46,Died,3,"Rogers, Mr. William John",male,NA,0,0,S.C./A.4. 23567,8.05,NA,S,NA,Under 50
78,Died,3,"Moutal, Mr. Rahamin Haim",male,NA,0,0,374746,8.05,NA,S,NA,Under 50
88,Died,3,"Slocovski, Mr. Selman Francis",male,NA,0,0,SOTON/OQ 392086,8.05,NA,S,NA,Under 50
96,Died,3,"Shorney, Mr. Charles Joseph",male,NA,0,0,374910,8.05,NA,S,NA,Under 50
122,Died,3,"Moore, Mr. Leonard Charles",male,NA,0,0,A4. 54510,8.05,NA,S,NA,Under 50
305,Died,3,"Williams, Mr. Howard Hugh ""Harry""",male,NA,0,0,A/5 2466,8.05,NA,S,NA,Under 50
416,Died,3,"Meek, Mrs. Thomas (Annie Louise Rowley)",female,NA,0,0,343095,8.05,NA,S,NA,Under 50
455,Died,3,"Peduzzi, Mr. Joseph",male,NA,0,0,A/5 2817,8.05,NA,S,NA,Under 50
465,Died,3,"Maisner, Mr. Simon",male,NA,0,0,A/S 2816,8.05,NA,S,NA,Under 50
512,Died,3,"Webber, Mr. James",male,NA,0,0,SOTON/OQ 3101316,8.05,NA,S,NA,Under 50
564,Died,3,"Simmons, Mr. John",male,NA,0,0,SOTON/OQ 392082,8.05,NA,S,NA,Under 50
565,Died,3,"Meanwell, Miss. (Marion Ogden)",female,NA,0,0,SOTON/O.Q. 392087,8.05,NA,S,NA,Under 50
590,Died,3,"Murdlin, Mr. Joseph",male,NA,0,0,A./5. 3235,8.05,NA,S,NA,Under 50
838,Died,3,"Sirota, Mr. Maurice",male,NA,0,0,392092,8.05,NA,S,NA,Under 50
30,Died,3,"Todoroff, Mr. Lalio",male,NA,0,0,349216,7.8958,NA,S,NA,Under 50
43,Died,3,"Kraeff, Mr. Theodor",male,NA,0,0,349253,7.8958,NA,C,NA,Under 50
77,Died,3,"Staneff, Mr. Ivan",male,NA,0,0,349208,7.8958,NA,S,NA,Under 50
102,Died,3,"Petroff, Mr. Pastcho (""Pentcho"")",male,NA,0,0,349215,7.8958,NA,S,NA,Under 50
224,Died,3,"Nenkoff, Mr. Christo",male,NA,0,0,349234,7.8958,NA,S,NA,Under 50
336,Died,3,"Denkoff, Mr. Mitto",male,NA,0,0,349225,7.8958,NA,S,NA,Under 50
385,Died,3,"Plotcharsky, Mr. Vasil",male,NA,0,0,349227,7.8958,NA,S,NA,Under 50
411,Died,3,"Sdycoff, Mr. Todor",male,NA,0,0,349222,7.8958,NA,S,NA,Under 50
421,Died,3,"Gheorgheff, Mr. Stanio",male,NA,0,0,349254,7.8958,NA,C,NA,Under 50
602,Died,3,"Slabenoff, Mr. Petco",male,NA,0,0,349214,7.8958,NA,S,NA,Under 50
651,Died,3,"Mitkoff, Mr. Mito",male,NA,0,0,349221,7.8958,NA,S,NA,Under 50
657,Died,3,"Radeff, Mr. Alexander",male,NA,0,0,349223,7.8958,NA,S,NA,Under 50
739,Died,3,"Ivanoff, Mr. Kanio",male,NA,0,0,349201,7.8958,NA,S,NA,Under 50
740,Died,3,"Nankoff, Mr. Minko",male,NA,0,0,349218,7.8958,NA,S,NA,Under 50
879,Died,3,"Laleff, Mr. Kristo",male,NA,0,0,349217,7.8958,NA,S,NA,Under 50
553,Died,3,"O'Brien, Mr. Timothy",male,NA,0,0,330979,7.8292,NA,Q,NA,Under 50
668,Died,3,"Rommetvedt, Mr. Knud Paust",male,NA,0,0,312993,7.775,NA,S,NA,Under 50
127,Died,3,"McMahon, Mr. Martin",male,NA,0,0,370372,7.75,NA,Q,NA,Under 50
197,Died,3,"Mernagh, Mr. Robert",male,NA,0,0,368703,7.75,NA,Q,NA,Under 50
215,Died,3,"Kiernan, Mr. Philip",male,NA,1,0,367229,7.75,NA,Q,NA,Under 50
261,Died,3,"Smith, Mr. Thomas",male,NA,0,0,384461,7.75,NA,Q,NA,Under 50
265,Died,3,"Henry, Miss. Delia",female,NA,0,0,382649,7.75,NA,Q,NA,Under 50
429,Died,3,"Flynn, Mr. James",male,NA,0,0,364851,7.75,NA,Q,NA,Under 50
460,Died,3,"O'Connor, Mr. Maurice",male,NA,0,0,371060,7.75,NA,Q,NA,Under 50
561,Died,3,"Morrow, Mr. Thomas Rowan",male,NA,0,0,372622,7.75,NA,Q,NA,Under 50
594,Died,3,"Bourke, Miss. Mary",female,NA,0,2,364848,7.75,NA,Q,NA,Under 50
614,Died,3,"Horgan, Mr. John",male,NA,0,0,370377,7.75,NA,Q,NA,Under 50
777,Died,3,"Tobin, Mr. Roger",male,NA,0,0,383121,7.75,F38,Q,NA,Under 50
791,Died,3,"Keane, Mr. Andrew ""Andy""",male,NA,0,0,12460,7.75,NA,Q,NA,Under 50
779,Died,3,"Kilgannon, Mr. Thomas J",male,NA,0,0,36865,7.7375,NA,Q,NA,Under 50
630,Died,3,"O'Connell, Mr. Patrick D",male,NA,0,0,334912,7.7333,NA,Q,NA,Under 50
389,Died,3,"Sadlier, Mr. Matthew",male,NA,0,0,367655,7.7292,NA,Q,NA,Under 50
469,Died,3,"Scanlan, Mr. James",male,NA,0,0,36209,7.725,NA,Q,NA,Under 50
503,Died,3,"O'Sullivan, Miss. Bridget Mary",female,NA,0,0,330909,7.6292,NA,Q,NA,Under 50
236,Died,3,"Harknett, Miss. Alice Phoebe",female,NA,0,0,W./C. 6609,7.55,NA,S,NA,Under 50
649,Died,3,"Willey, Mr. Edward",male,NA,0,0,S.O./P.P. 751,7.55,NA,S,NA,Under 50
155,Died,3,"Olsen, Mr. Ole Martin",male,NA,0,0,Fa 265302,7.3125,NA,S,NA,Under 50
251,Died,3,"Reed, Mr. James George",male,NA,0,0,362316,7.25,NA,S,NA,Under 50
426,Died,3,"Wiseman, Mr. Phillippe",male,NA,0,0,A/4. 34244,7.25,NA,S,NA,Under 50
471,Died,3,"Keefe, Mr. Arthur",male,NA,0,0,323592,7.25,NA,S,NA,Under 50
525,Died,3,"Kassem, Mr. Fared",male,NA,0,0,2700,7.2292,NA,C,NA,Under 50
532,Died,3,"Toufik, Mr. Nakli",male,NA,0,0,2641,7.2292,NA,C,NA,Under 50
569,Died,3,"Doharr, Mr. Tannous",male,NA,0,0,2686,7.2292,NA,C,NA,Under 50
833,Died,3,"Saad, Mr. Amin",male,NA,0,0,2671,7.2292,NA,C,NA,Under 50
860,Died,3,"Razi, Mr. Raihed",male,NA,0,0,2629,7.2292,NA,C,NA,Under 50
27,Died,3,"Emir, Mr. Farred Chehab",male,NA,0,0,2631,7.225,NA,C,NA,Under 50
355,Died,3,"Yousif, Mr. Wazli",male,NA,0,0,2647,7.225,NA,C,NA,Under 50
523,Died,3,"Lahoud, Mr. Sarkis",male,NA,0,0,2624,7.225,NA,C,NA,Under 50
599,Died,3,"Boulos, Mr. Hanna",male,NA,0,0,2664,7.225,NA,C,NA,Under 50
774,Died,3,"Elias, Mr. Dibo",male,NA,0,0,2674,7.225,NA,C,NA,Under 50
612,Died,3,"Jardin, Mr. Jose Neto",male,NA,0,0,SOTON/O.Q. 3101305,7.05,NA,S,NA,Under 50
826,Died,3,"Flynn, Mr. John",male,NA,0,0,368323,6.95,NA,Q,NA,Under 50
412,Died,3,"Hart, Mr. Henry",male,NA,0,0,394140,6.8583,NA,Q,NA,Under 50
278,Died,2,"Parkes, Mr. Francis ""Frank""",male,NA,0,0,239853,0,NA,S,NA,Under 50
414,Died,2,"Cunningham, Mr. Alfred Fleming",male,NA,0,0,239853,0,NA,S,NA,Under 50
467,Died,2,"Campbell, Mr. William",male,NA,0,0,239853,0,NA,S,NA,Under 50
482,Died,2,"Frost, Mr. Anthony Wood ""Archie""",male,NA,0,0,239854,0,NA,S,NA,Under 50
634,Died,1,"Parr, Mr. William Henry Marsh",male,NA,0,0,112052,0,NA,S,NA,Under 50
675,Died,2,"Watson, Mr. Ennis Hastings",male,NA,0,0,239856,0,NA,S,NA,Under 50
733,Died,2,"Knight, Mr. Robert J",male,NA,0,0,239855,0,NA,S,NA,Under 50
816,Died,1,"Fry, Mr. Richard",male,NA,0,0,112058,0,B102,S,NA,Under 50
631,Survived,1,"Barkworth, Mr. Algernon Henry Wilson",male,80,0,0,27042,30,A23,S,Elder,Under 50
276,Survived,1,"Andrews, Miss. Kornelia Theodosia",female,63,1,0,13502,77.9583,D7,S,Elder,Over 50
484,Survived,3,"Turkula, Mrs. (Hedwig)",female,63,0,0,4134,9.5875,NA,S,Elder,Under 50
830,Survived,1,"Stone, Mrs. George Nelson (Martha Evelyn)",female,62,0,0,113572,80,B28,NA,Elder,Over 50
571,Survived,2,"Harris, Mr. George",male,62,0,0,S.W./PP 752,10.5,NA,S,Elder,Under 50
588,Survived,1,"Frolicher-Stehli, Mr. Maxmillian",male,60,1,1,13567,79.2,B41,C,Elder,Over 50
367,Survived,1,"Warren, Mrs. Frank Manley (Anna Sophia Atkinson)",female,60,1,0,110813,75.25,D37,C,Elder,Over 50
269,Survived,1,"Graham, Mrs. William Thompson (Edith Junkins)",female,58,0,1,PC 17582,153.4625,C125,S,Middle Aged,Over 50
196,Survived,1,"Lurette, Miss. Elise",female,58,0,0,PC 17569,146.5208,B80,C,Middle Aged,Over 50
12,Survived,1,"Bonnell, Miss. Elizabeth",female,58,0,0,113783,26.55,C103,S,Middle Aged,Under 50
880,Survived,1,"Potter, Mrs. Thomas Jr (Lily Alexenia Wilson)",female,56,0,1,11767,83.1583,C50,C,Middle Aged,Over 50
648,Survived,1,"Simonius-Blumer, Col. Oberst Alfons",male,56,0,0,13213,35.5,A26,C,Middle Aged,Under 50
16,Survived,2,"Hewlett, Mrs. (Mary D Kingcome) ",female,55,0,0,248706,16,NA,S,Middle Aged,Under 50
497,Survived,1,"Eustis, Miss. Elizabeth Mussey",female,54,1,0,36947,78.2667,D20,C,Middle Aged,Over 50
514,Survived,1,"Rothschild, Mrs. Martin (Elizabeth L. Barrett)",female,54,1,0,PC 17603,59.4,NA,C,Middle Aged,Over 50
775,Survived,2,"Hocking, Mrs. Elizabeth (Eliza Needs)",female,54,1,3,29105,23,NA,S,Middle Aged,Under 50
572,Survived,1,"Appleton, Mrs. Edward Dale (Charlotte Lamson)",female,53,2,0,11769,51.4792,C101,S,Middle Aged,Over 50
821,Survived,1,"Hays, Mrs. Charles Melville (Clara Jennings Gregg)",female,52,1,1,12749,93.5,B69,S,Middle Aged,Over 50
592,Survived,1,"Stephenson, Mrs. Walter Bertram (Martha Eustis)",female,52,1,0,36947,78.2667,D20,C,Middle Aged,Over 50
450,Survived,1,"Peuchen, Major. Arthur Godfrey",male,52,0,0,113786,30.5,C104,S,Middle Aged,Under 50
766,Survived,1,"Hogeboom, Mrs. John C (Anna Andrews)",female,51,1,0,13502,77.9583,D11,S,Middle Aged,Over 50
858,Survived,1,"Daly, Mr. Peter Denis ",male,51,0,0,113055,26.55,E17,S,Middle Aged,Under 50
300,Survived,1,"Baxter, Mrs. James (Helene DeLaudeniere Chaput)",female,50,0,1,PC 17558,247.5208,B58 B60,C,Middle Aged,Over 50
661,Survived,1,"Frauenthal, Dr. Henry William",male,50,2,0,PC 17611,133.65,NA,S,Middle Aged,Over 50
260,Survived,2,"Parrish, Mrs. (Lutie Davis)",female,50,0,1,230433,26,NA,S,Middle Aged,Under 50
459,Survived,2,"Toomey, Miss. Ellen",female,50,0,0,F.C.C. 13531,10.5,NA,S,Middle Aged,Under 50
527,Survived,2,"Ridsdale, Miss. Lucy",female,50,0,0,W./C. 14258,10.5,NA,S,Middle Aged,Under 50
454,Survived,1,"Goldenberg, Mr. Samuel L",male,49,1,0,17453,89.1042,C92,C,Middle Aged,Over 50
53,Survived,1,"Harper, Mrs. Henry Sleeper (Myna Haxtun)",female,49,1,0,PC 17572,76.7292,D33,C,Middle Aged,Over 50
600,Survived,1,"Duff Gordon, Sir. Cosmo Edmund (""Mr Morgan"")",male,49,1,0,PC 17485,56.9292,A20,C,Middle Aged,Over 50
797,Survived,1,"Leader, Dr. Alice (Farnham)",female,49,0,0,17465,25.9292,D17,S,Middle Aged,Under 50
646,Survived,1,"Harper, Mr. Henry Sleeper",male,48,1,0,PC 17572,76.7292,D33,C,Middle Aged,Over 50
755,Survived,2,"Herman, Mrs. Samuel (Jane Laver)",female,48,1,2,220845,65,NA,S,Middle Aged,Over 50
713,Survived,1,"Taylor, Mr. Elmer Zebley",male,48,1,0,19996,52,C126,S,Middle Aged,Over 50
557,Survived,1,"Duff Gordon, Lady. (Lucille Christiana Sutherland) (""Mrs Morgan"")",female,48,1,0,11755,39.6,A16,C,Middle Aged,Under 50
461,Survived,1,"Anderson, Mr. Harry",male,48,0,0,19952,26.55,E12,S,Middle Aged,Under 50
863,Survived,1,"Swift, Mrs. Frederick Joel (Margaret Welles Barron)",female,48,0,0,17466,25.9292,D17,S,Middle Aged,Under 50
872,Survived,1,"Beckwith, Mrs. Richard Leonard (Sallie Monypeny)",female,47,1,1,11751,52.5542,D35,S,Middle Aged,Over 50
857,Survived,1,"Wick, Mrs. George Dennick (Mary Hitchcock)",female,45,1,1,36928,164.8667,NA,S,Middle Aged,Over 50
188,Survived,1,"Romaine, Mr. Charles Hallace (""Mr C Rolmane"")",male,45,0,0,111428,26.55,NA,S,Middle Aged,Under 50
441,Survived,2,"Hart, Mrs. Benjamin (Esther Ada Bloomfield)",female,45,1,1,F.C.C. 13529,26.25,NA,S,Middle Aged,Under 50
707,Survived,2,"Kelly, Mrs. Florence ""Fannie""",female,45,0,0,223596,13.5,NA,S,Middle Aged,Under 50
339,Survived,3,"Dahl, Mr. Karl Edwart",male,45,0,0,7598,8.05,NA,S,Middle Aged,Under 50
524,Survived,1,"Hippach, Mrs. Louis Albert (Ida Sophia Fischer)",female,44,0,1,111361,57.9792,B18,C,Middle Aged,Over 50
195,Survived,1,"Brown, Mrs. James Joseph (Margaret Tobin)",female,44,0,0,PC 17610,27.7208,B4,C,Middle Aged,Under 50
415,Survived,3,"Sundman, Mr. Johan Julian",male,44,0,0,STON/O 2. 3101269,7.925,NA,S,Middle Aged,Under 50
780,Survived,1,"Robert, Mrs. Edward Scott (Elisabeth Walton McMillan)",female,43,0,1,24160,211.3375,B3,S,Middle Aged,Over 50
381,Survived,1,"Bidois, Miss. Rosalie",female,42,0,0,PC 17757,227.525,NA,C,Middle Aged,Over 50
622,Survived,1,"Kimball, Mr. Edwin Nelson Jr",male,42,1,0,11753,52.5542,D19,S,Middle Aged,Over 50
708,Survived,1,"Calderhead, Mr. Edward Pennington",male,42,0,0,PC 17476,26.2875,E24,S,Middle Aged,Under 50
433,Survived,2,"Louch, Mrs. Charles Alexander (Alice Adelaide Slow)",female,42,1,0,SC/AH 3085,26,NA,S,Middle Aged,Under 50
289,Survived,2,"Hosono, Mr. Masabumi",male,42,0,0,237798,13,NA,S,Middle Aged,Under 50
866,Survived,2,"Bystrom, Mrs. (Karolina)",female,42,0,0,236852,13,NA,S,Middle Aged,Under 50
338,Survived,1,"Burns, Miss. Elizabeth Margaret",female,41,0,0,16966,134.5,E40,C,Middle Aged,Over 50
273,Survived,2,"Mellinger, Mrs. (Elizabeth Anne Maidment)",female,41,0,1,250644,19.5,NA,S,Middle Aged,Under 50
610,Survived,1,"Shutes, Miss. Elizabeth W",female,40,0,0,PC 17582,153.4625,C125,S,Middle Aged,Over 50
320,Survived,1,"Spedden, Mrs. Frederic Oakley (Margaretta Corning Stone)",female,40,1,1,16966,134.5,E34,C,Middle Aged,Over 50
671,Survived,2,"Brown, Mrs. Thomas William Solomon (Elizabeth Catherine Ford)",female,40,1,1,29750,39,NA,S,Middle Aged,Under 50
210,Survived,1,"Blank, Mr. Henry",male,40,0,0,112277,31,A31,C,Middle Aged,Under 50
162,Survived,2,"Watt, Mrs. James (Elizabeth ""Bessie"" Inglis Milne)",female,40,0,0,C.A. 33595,15.75,NA,S,Middle Aged,Under 50
347,Survived,2,"Smith, Miss. Marion Elsie",female,40,0,0,31418,13,NA,S,Middle Aged,Under 50
582,Survived,1,"Thayer, Mrs. John Borland (Marian Longstreth Morris)",female,39,1,1,17421,110.8833,C68,C,Middle Aged,Over 50
836,Survived,1,"Compton, Miss. Sara Rebecca",female,39,1,1,PC 17756,83.1583,E49,C,Middle Aged,Over 50
559,Survived,1,"Taussig, Mrs. Emil (Tillie Mandelbaum)",female,39,1,1,110413,79.65,E67,S,Middle Aged,Over 50
578,Survived,1,"Silvey, Mrs. William Baird (Alice Munger)",female,39,1,0,13507,55.9,E44,S,Middle Aged,Over 50
401,Survived,3,"Niskanen, Mr. Juha",male,39,0,0,STON/O 2. 3101289,7.925,NA,S,Middle Aged,Under 50
717,Survived,1,"Endres, Miss. Caroline Louise",female,38,0,0,PC 17757,227.525,C45,C,Middle Aged,Over 50
225,Survived,1,"Hoyt, Mr. Frederick Maxfield",male,38,1,0,19943,90,C93,S,Middle Aged,Over 50
62,Survived,1,"Icard, Miss. Amelie",female,38,0,0,113572,80,B28,NA,Middle Aged,Over 50
2,Survived,1,"Cumings, Mrs. John Bradley (Florence Briggs Thayer)",female,38,1,0,PC 17599,71.2833,C85,C,Middle Aged,Over 50
26,Survived,3,"Asplund, Mrs. Carl Oscar (Selma Augusta Emilia Johansson)",female,38,1,5,347077,31.3875,NA,S,Middle Aged,Under 50
249,Survived,1,"Beckwith, Mr. Richard Leonard",male,37,1,1,11751,52.5542,D35,S,Middle Aged,Over 50
680,Survived,1,"Cardeza, Mr. Thomas Drake Martinez",male,36,0,1,PC 17755,512.3292,B51 B53 B55,C,Middle Aged,Over 50
326,Survived,1,"Young, Miss. Marie Grice",female,36,0,0,PC 17760,135.6333,C32,C,Middle Aged,Over 50
391,Survived,1,"Carter, Mr. William Ernest",male,36,1,2,113760,120,B96 B98,S,Middle Aged,Over 50
764,Survived,1,"Carter, Mrs. William Ernest (Lucile Polk)",female,36,1,2,113760,120,B96 B98,S,Middle Aged,Over 50
541,Survived,1,"Crosby, Miss. Harriet R",female,36,0,2,WE/P 5735,71,B22,S,Middle Aged,Over 50
573,Survived,1,"Flynn, Mr. John Irwin (""Irving"")",male,36,0,0,PC 17474,26.3875,E25,S,Middle Aged,Under 50
513,Survived,1,"McGough, Mr. James Robert",male,36,0,0,PC 17473,26.2875,E25,S,Middle Aged,Under 50
519,Survived,2,"Angle, Mrs. William A (Florence ""Mary"" Agnes Hughes)",female,36,1,0,226875,26,NA,S,Middle Aged,Under 50
560,Survived,3,"de Messemaeker, Mrs. Guillaume Joseph (Emma)",female,36,1,0,345572,17.4,NA,S,Middle Aged,Under 50
328,Survived,2,"Ball, Mrs. (Ada E Hall)",female,36,0,0,28551,13,D,S,Middle Aged,Under 50
388,Survived,2,"Buss, Miss. Kate",female,36,0,0,27849,13,NA,S,Middle Aged,Under 50
259,Survived,1,"Ward, Miss. Anna",female,35,0,0,PC 17755,512.3292,NA,C,Middle Aged,Over 50
738,Survived,1,"Lesurer, Mr. Gustave J",male,35,0,0,PC 17755,512.3292,B101,C,Middle Aged,Over 50
270,Survived,1,"Bissette, Miss. Amelia",female,35,0,0,PC 17760,135.6333,C99,S,Middle Aged,Over 50
487,Survived,1,"Hoyt, Mrs. Frederick Maxfield (Jane Anne Forby)",female,35,1,0,19943,90,C93,S,Middle Aged,Over 50
231,Survived,1,"Harris, Mrs. Henry Birkhardt (Irene Wallach)",female,35,1,0,36973,83.475,C83,S,Middle Aged,Over 50
4,Survived,1,"Futrelle, Mrs. Jacques Heath (Lily May Peel)",female,35,1,0,113803,53.1,C123,S,Middle Aged,Over 50
384,Survived,1,"Holverson, Mrs. Alexander Oskar (Mary Aline Towner)",female,35,1,0,113789,52,NA,S,Middle Aged,Over 50
605,Survived,1,"Homer, Mr. Harry (""Mr E Haven"")",male,35,0,0,111426,26.55,NA,C,Middle Aged,Under 50
702,Survived,1,"Silverthorne, Mr. Spencer Victor",male,35,0,0,PC 17475,26.2875,E24,S,Middle Aged,Under 50
212,Survived,2,"Cameron, Miss. Clear Annie",female,35,0,0,F.C.C. 13528,21,NA,S,Middle Aged,Under 50
280,Survived,3,"Abbott, Mrs. Stanton (Rosa Hunt)",female,35,1,1,C.A. 2673,20.25,NA,S,Middle Aged,Under 50
417,Survived,2,"Drew, Mrs. James Vivian (Lulu Thorne Christian)",female,34,1,1,28220,32.5,NA,S,Middle Aged,Under 50
448,Survived,1,"Seward, Mr. Frederic Kimber",male,34,0,0,113794,26.55,NA,S,Middle Aged,Under 50
99,Survived,2,"Doling, Mrs. John T (Ada Julia Bone)",female,34,0,1,231919,23,NA,S,Middle Aged,Under 50
22,Survived,2,"Beesley, Mr. Lawrence",male,34,0,0,248698,13,D56,S,Middle Aged,Under 50
577,Survived,2,"Garside, Miss. Ethel",female,34,0,0,243880,13,NA,S,Middle Aged,Under 50
517,Survived,2,"Lemore, Mrs. (Amelia Milley)",female,34,0,0,C.A. 34260,10.5,F33,S,Middle Aged,Under 50
413,Survived,1,"Minahan, Miss. Daisy E",female,33,1,0,19928,90,C78,Q,Middle Aged,Over 50
760,Survived,1,"Rothes, the Countess. of (Lucy Noel Martha Dyer-Edwards)",female,33,0,0,110152,86.5,B77,S,Middle Aged,Over 50
810,Survived,1,"Chambers, Mrs. Norman Campbell (Bertha Griggs)",female,33,1,0,113806,53.1,E8,S,Middle Aged,Over 50
473,Survived,2,"West, Mrs. Edwy Arthur (Ada Mary Worth)",female,33,1,2,C.A. 34651,27.75,NA,S,Middle Aged,Under 50
507,Survived,2,"Quick, Mrs. Frederick Charles (Jane Richards)",female,33,0,2,26360,26,NA,S,Middle Aged,Under 50
86,Survived,3,"Backstrom, Mrs. Karl Alfred (Maria Mathilda Gustafsson)",female,33,3,0,3101278,15.85,NA,S,Middle Aged,Under 50
124,Survived,2,"Webber, Miss. Susan",female,33,0,0,27267,13,E101,S,Middle Aged,Under 50
219,Survived,1,"Bazzani, Miss. Albina",female,32,0,0,11813,76.2917,D15,C,Middle Aged,Over 50
75,Survived,3,"Bing, Mr. Lee",male,32,0,0,1601,56.4958,NA,S,Middle Aged,Over 50
839,Survived,3,"Chip, Mr. Chang",male,32,0,0,1601,56.4958,NA,S,Middle Aged,Over 50
633,Survived,1,"Stahelin-Maeglin, Dr. Max",male,32,0,0,13214,30.5,B50,C,Middle Aged,Under 50
544,Survived,2,"Beane, Mr. Edward",male,32,1,0,2908,26,NA,S,Middle Aged,Under 50
191,Survived,2,"Pinsky, Mrs. (Rosa)",female,32,0,0,234604,13,NA,S,Middle Aged,Under 50
430,Survived,3,"Pickard, Mr. Berk (Berk Trembisky)",male,32,0,0,SOTON/O.Q. 392078,8.05,E10,S,Middle Aged,Under 50
580,Survived,3,"Jussila, Mr. Eiriik",male,32,0,0,STON/O 2. 3101286,7.925,NA,S,Middle Aged,Under 50
570,Survived,3,"Jonsson, Mr. Carl",male,32,0,0,350417,7.8542,NA,S,Middle Aged,Under 50
319,Survived,1,"Wick, Miss. Mary Natalie",female,31,0,2,36928,164.8667,C7,S,Middle Aged,Over 50
216,Survived,1,"Newell, Miss. Madeleine",female,31,1,0,35273,113.275,D36,C,Middle Aged,Over 50
691,Survived,1,"Dick, Mr. Albert Adrian",male,31,1,0,17474,57,B20,S,Middle Aged,Over 50
802,Survived,2,"Collyer, Mrs. Harvey (Charlotte Annie Tate)",female,31,1,1,C.A. 31921,26.25,NA,S,Middle Aged,Under 50
329,Survived,3,"Goldsmith, Mrs. Frank John (Emily Alice Brown)",female,31,1,1,363291,20.525,NA,S,Middle Aged,Under 50
674,Survived,2,"Wilhelms, Mr. Charles",male,31,0,0,244270,13,NA,S,Middle Aged,Under 50
798,Survived,3,"Osman, Mrs. Mara",female,31,0,0,349244,8.6833,NA,S,Middle Aged,Under 50
745,Survived,3,"Stranden, Mr. Juho",male,31,0,0,STON/O 2. 3101288,7.925,NA,S,Middle Aged,Under 50
538,Survived,1,"LeRoy, Miss. Bertha",female,30,0,0,PC 17761,106.425,NA,C,Middle Aged,Over 50
521,Survived,1,"Perreault, Miss. Anne",female,30,0,0,12749,93.5,B73,S,Middle Aged,Over 50
258,Survived,1,"Cherry, Miss. Gladys",female,30,0,0,110152,86.5,B77,S,Middle Aged,Over 50
310,Survived,1,"Francatelli, Miss. Laura Mabel",female,30,0,0,PC 17485,56.9292,E36,C,Middle Aged,Over 50
843,Survived,1,"Serepeca, Miss. Augusta",female,30,0,0,113798,31,NA,C,Middle Aged,Under 50
727,Survived,2,"Renouf, Mrs. Peter Henry (Lillian Jefferys)",female,30,3,0,31027,21,NA,S,Middle Aged,Under 50
748,Survived,2,"Sinkkonen, Miss. Anna",female,30,0,0,250648,13,NA,S,Middle Aged,Under 50
80,Survived,3,"Dowdell, Miss. Elizabeth",female,30,0,0,364516,12.475,NA,S,Middle Aged,Under 50
323,Survived,2,"Slayter, Miss. Hilda Mary",female,30,0,0,234818,12.35,NA,Q,Middle Aged,Under 50
287,Survived,3,"de Mulder, Mr. Theodore",male,30,0,0,345774,9.5,NA,S,Middle Aged,Under 50
731,Survived,1,"Allen, Miss. Elisabeth Walton",female,29,0,0,24160,211.3375,B5,S,Middle Aged,Over 50
54,Survived,2,"Faunthorpe, Mrs. Lizzie (Elizabeth Anne Wilkinson)",female,29,1,0,2926,26,NA,S,Middle Aged,Under 50
134,Survived,2,"Weisz, Mrs. Leopold (Mathilde Francoise Pede)",female,29,1,0,228414,26,NA,S,Middle Aged,Under 50
256,Survived,3,"Touma, Mrs. Darwis (Hanne Youssef Razi)",female,29,0,2,2650,15.2458,NA,C,Middle Aged,Under 50
67,Survived,2,"Nye, Mrs. (Elizabeth Ramell)",female,29,0,0,C.A. 29395,10.5,F33,S,Middle Aged,Under 50
82,Survived,3,"Sheerlinck, Mr. Jan Baptist",male,29,0,0,345779,9.5,NA,S,Middle Aged,Under 50
456,Survived,3,"Jalsevac, Mr. Ivan",male,29,0,0,349240,7.8958,NA,C,Middle Aged,Under 50
511,Survived,3,"Daly, Mr. Eugene Patrick",male,29,0,0,382651,7.75,NA,Q,Middle Aged,Under 50
24,Survived,1,"Sloper, Mr. William Thompson",male,28,0,0,113788,35.5,A6,S,Middle Aged,Under 50
431,Survived,1,"Bjornstrom-Steffansson, Mr. Mauritz Hakan",male,28,0,0,110564,26.55,C52,S,Middle Aged,Under 50
427,Survived,2,"Clarke, Mrs. Charles V (Ada Maria Winfield)",female,28,1,0,2003,26,NA,S,Middle Aged,Under 50
875,Survived,2,"Abelson, Mrs. Samuel (Hannah Wizosky)",female,28,1,0,P/PP 3381,24,NA,C,Middle Aged,Under 50
444,Survived,2,"Reynaldo, Ms. Encarnacion",female,28,0,0,230434,13,NA,S,Middle Aged,Under 50
636,Survived,2,"Davis, Miss. Mary",female,28,0,0,237668,13,NA,S,Middle Aged,Under 50
400,Survived,2,"Trout, Mrs. William H (Jessie L)",female,28,0,0,240929,12.65,NA,S,Middle Aged,Under 50
682,Survived,1,"Hassab, Mr. Hammad",male,27,0,0,PC 17572,76.7292,D49,C,Middle Aged,Over 50
725,Survived,1,"Chambers, Mr. Norman Campbell",male,27,1,0,113806,53.1,E8,S,Middle Aged,Over 50
608,Survived,1,"Daniel, Mr. Robert Williams",male,27,0,0,113804,30.5,NA,S,Middle Aged,Under 50
867,Survived,2,"Duran y More, Miss. Asuncion",female,27,1,0,SC/PARIS 2149,13.8583,NA,C,Middle Aged,Under 50
824,Survived,3,"Moor, Mrs. (Beila)",female,27,0,1,392096,12.475,E121,S,Middle Aged,Under 50
9,Survived,3,"Johnson, Mrs. Oscar W (Elisabeth Vilhelmina Berg)",female,27,0,2,347742,11.1333,NA,S,Middle Aged,Under 50
718,Survived,2,"Troutt, Miss. Edwina Celia ""Winnie""",female,27,0,0,34218,10.5,E101,S,Middle Aged,Under 50
822,Survived,3,"Lulic, Mr. Nikola",male,27,0,0,315098,8.6625,NA,S,Middle Aged,Under 50
217,Survived,3,"Honkanen, Miss. Eliina",female,27,0,0,STON/O2. 3101283,7.925,NA,S,Middle Aged,Under 50
147,Survived,3,"Andersson, Mr. August Edvard (""Wennerstrom"")",male,27,0,0,350043,7.7958,NA,S,Middle Aged,Under 50
805,Survived,3,"Hedman, Mr. Oskar Arvid",male,27,0,0,347089,6.975,NA,S,Middle Aged,Under 50
291,Survived,1,"Barber, Miss. Ellen ""Nellie""",female,26,0,0,19877,78.85,NA,S,Middle Aged,Over 50
510,Survived,3,"Lang, Mr. Fang",male,26,0,0,1601,56.4958,NA,S,Middle Aged,Over 50
890,Survived,1,"Behr, Mr. Karl Howell",male,26,0,0,111369,30,C148,C,Middle Aged,Under 50
208,Survived,3,"Albimona, Mr. Nassef Cassem",male,26,0,0,2699,18.7875,NA,C,Middle Aged,Under 50
3,Survived,3,"Heikkinen, Miss. Laina",female,26,0,0,STON/O2. 3101282,7.925,NA,S,Middle Aged,Under 50
316,Survived,3,"Nilsson, Miss. Helmina Josefina",female,26,0,0,347470,7.8542,NA,S,Middle Aged,Under 50
485,Survived,1,"Bishop, Mr. Dickinson H",male,25,1,0,11967,91.0792,B49,C,Middle Aged,Over 50
371,Survived,1,"Harder, Mr. George Achilles",male,25,1,0,11765,55.4417,E50,C,Middle Aged,Over 50
581,Survived,2,"Christy, Miss. Julie Rachel",female,25,1,1,237789,30,NA,S,Middle Aged,Under 50
881,Survived,2,"Shelley, Mrs. William (Imanita Parrish Hall)",female,25,0,1,230433,26,NA,S,Middle Aged,Under 50
268,Survived,3,"Persson, Mr. Ernst Ulrik",male,25,1,0,347083,7.775,NA,S,Middle Aged,Under 50
272,Survived,3,"Tornquist, Mr. William Henry",male,25,0,0,LINE,0,NA,S,Middle Aged,Under 50
342,Survived,1,"Fortune, Miss. Alice Elizabeth",female,24,3,2,19950,263,C23 C25 C27,S,Middle Aged,Over 50
311,Survived,1,"Hays, Miss. Margaret Bechstein",female,24,0,0,11767,83.1583,C54,C,Middle Aged,Over 50
370,Survived,1,"Aubart, Mme. Leontine Pauline",female,24,0,0,PC 17477,69.3,B35,C,Middle Aged,Over 50
642,Survived,1,"Sagesser, Mlle. Emma",female,24,0,0,PC 17477,69.3,B35,C,Middle Aged,Over 50
616,Survived,2,"Herman, Miss. Alice",female,24,1,2,220845,65,NA,S,Middle Aged,Over 50
711,Survived,1,"Mayne, Mlle. Berthe Antonine (""Mrs de Villiers"")",female,24,0,0,PC 17482,49.5042,C90,C,Middle Aged,Under 50
601,Survived,2,"Jacobsohn, Mrs. Sidney Samuel (Amy Frances Christy)",female,24,2,1,243847,27,NA,S,Middle Aged,Under 50
317,Survived,2,"Kantor, Mrs. Sinai (Miriam Sternin)",female,24,1,0,244367,26,NA,S,Middle Aged,Under 50
859,Survived,3,"Baclini, Mrs. Solomon (Latifa Qurban)",female,24,0,3,2666,19.2583,NA,C,Middle Aged,Under 50
438,Survived,2,"Richards, Mrs. Sidney (Emily Hocking)",female,24,2,3,29106,18.75,NA,S,Middle Aged,Under 50
395,Survived,3,"Sandstrom, Mrs. Hjalmar (Agnes Charlotta Bengtsson)",female,24,0,2,PP 9549,16.7,G6,S,Middle Aged,Under 50
143,Survived,3,"Hakkarainen, Mrs. Pekka Pietari (Elin Matilda Dolck)",female,24,1,0,STON/O2. 3101279,15.85,NA,S,Middle Aged,Under 50
248,Survived,2,"Hamalainen, Mrs. William (Anna)",female,24,0,2,250649,14.5,NA,S,Middle Aged,Under 50
346,Survived,2,"Brown, Miss. Amelia ""Mildred""",female,24,0,0,248733,13,F33,S,Middle Aged,Under 50
128,Survived,3,"Madsen, Mr. Fridtjof Arne",male,24,0,0,C 17369,7.1417,NA,S,Middle Aged,Under 50
89,Survived,1,"Fortune, Miss. Mabel Helen",female,23,3,2,19950,263,C23 C25 C27,S,Middle Aged,Over 50
394,Survived,1,"Newell, Miss. Marjorie",female,23,1,0,35273,113.275,D36,C,Middle Aged,Over 50
98,Survived,1,"Greenfield, Mr. William Bertram",male,23,0,1,PC 17759,63.3583,D10 D12,C,Middle Aged,Over 50
474,Survived,2,"Jerwan, Mrs. Amin S (Marie Marthe Thuillard)",female,23,0,0,SC/AH Basle 541,13.7917,D,C,Middle Aged,Under 50
650,Survived,3,"Stanley, Miss. Amy Zillah Elsie",female,23,0,0,CA. 2314,7.55,NA,S,Middle Aged,Under 50
709,Survived,1,"Cleaver, Miss. Alice",female,22,0,0,113781,151.55,NA,S,Middle Aged,Over 50
152,Survived,1,"Pears, Mrs. Thomas (Edith Wearne)",female,22,1,0,113776,66.6,C2,S,Middle Aged,Over 50
357,Survived,1,"Bowerman, Miss. Elsie Edith",female,22,0,1,113505,55,E33,S,Middle Aged,Over 50
540,Survived,1,"Frolicher, Miss. Hedwig Margaritha",female,22,0,2,13568,49.5,B39,C,Middle Aged,Under 50
609,Survived,2,"Laroche, Mrs. Joseph (Juliette Marie Louise Lafargue)",female,22,1,2,SC/Paris 2123,41.5792,NA,C,Middle Aged,Under 50
324,Survived,2,"Caldwell, Mrs. Albert Francis (Sylvia Mae Harbaugh)",female,22,1,1,248738,29,NA,S,Middle Aged,Under 50
555,Survived,3,"Ohman, Miss. Velin",female,22,0,0,347085,7.775,NA,S,Middle Aged,Under 50
142,Survived,3,"Nysten, Miss. Anna Sofia",female,22,0,0,347081,7.75,NA,S,Middle Aged,Under 50
290,Survived,3,"Connolly, Miss. Kate",female,22,0,0,370373,7.75,NA,Q,Middle Aged,Under 50
377,Survived,3,"Landergren, Miss. Aurora Adelia",female,22,0,0,C 7077,7.25,NA,S,Middle Aged,Under 50
554,Survived,3,"Leeni, Mr. Fahim (""Philip Zenni"")",male,22,0,0,2620,7.225,NA,C,Middle Aged,Under 50
743,Survived,1,"Ryerson, Miss. Susan Parker ""Suzette""",female,21,2,2,PC 17608,262.375,B57 B59 B63 B66,C,Middle Aged,Over 50
628,Survived,1,"Longley, Miss. Gretchen Fiske",female,21,0,0,13502,77.9583,D9,S,Middle Aged,Over 50
57,Survived,2,"Rugg, Miss. Emily",female,21,0,0,C.A. 31026,10.5,NA,S,Middle Aged,Under 50
392,Survived,3,"Jansson, Mr. Carl Olof",male,21,0,0,350034,7.7958,NA,S,Middle Aged,Under 50
107,Survived,3,"Salkjelsvik, Miss. Anna Kristine",female,21,0,0,343120,7.65,NA,S,Middle Aged,Under 50
623,Survived,3,"Nakid, Mr. Sahid",male,20,1,1,2653,15.7417,NA,C,Middle Aged,Under 50
665,Survived,3,"Lindqvist, Mr. Eino William",male,20,1,0,STON/O 2. 3101285,7.925,NA,S,Middle Aged,Under 50
763,Survived,3,"Barah, Mr. Hanna Assi",male,20,0,0,2663,7.2292,NA,C,Middle Aged,Under 50
292,Survived,1,"Bishop, Mrs. Dickinson H (Helen Walton)",female,19,1,0,11967,91.0792,B49,C,Middle Aged,Over 50
888,Survived,1,"Graham, Miss. Margaret Edith",female,19,0,0,112053,30,B42,S,Middle Aged,Under 50
137,Survived,1,"Newsom, Miss. Helen Monypeny",female,19,0,2,11752,26.2833,D47,S,Middle Aged,Under 50
428,Survived,2,"Phillips, Miss. Kate Florence (""Mrs Kate Louise Phillips Marshall"")",female,19,0,0,250655,26,NA,S,Middle Aged,Under 50
547,Survived,2,"Beane, Mrs. Edward (Ethel Clarke)",female,19,1,0,2908,26,NA,S,Middle Aged,Under 50
227,Survived,2,"Mellors, Mr. William John",male,19,0,0,SW/PP 751,10.5,NA,S,Middle Aged,Under 50
284,Survived,3,"Dorking, Mr. Edward Arthur",male,19,0,0,A/5. 10482,8.05,NA,S,Middle Aged,Under 50
45,Survived,3,"Devaney, Miss. Margaret Delia",female,19,0,0,330958,7.8792,NA,Q,Middle Aged,Under 50
193,Survived,3,"Andersen-Jensen, Miss. Carla Christine Nielsine",female,19,1,0,350046,7.8542,NA,S,Middle Aged,Under 50
312,Survived,1,"Ryerson, Miss. Emily Borie",female,18,2,2,PC 17608,262.375,B57 B59 B63 B66,C,Middle Aged,Over 50
701,Survived,1,"Astor, Mrs. John Jacob (Madeleine Talmadge Force)",female,18,1,0,PC 17757,227.525,C62 C64,C,Middle Aged,Over 50
586,Survived,1,"Taussig, Miss. Ruth",female,18,0,2,110413,79.65,E68,S,Middle Aged,Over 50
652,Survived,2,"Doling, Miss. Elsie",female,18,0,1,231919,23,NA,S,Middle Aged,Under 50
418,Survived,2,"Silven, Miss. Lyyli Karoliina",female,18,0,2,250652,13,NA,S,Middle Aged,Under 50
678,Survived,3,"Turja, Miss. Anna Sofia",female,18,0,0,4138,9.8417,NA,S,Middle Aged,Under 50
856,Survived,3,"Aks, Mrs. Sam (Leah Rosen)",female,18,0,1,392091,9.35,NA,S,Middle Aged,Under 50
205,Survived,3,"Cohen, Mr. Gurshon ""Gus""",male,18,0,0,A/5 3540,8.05,NA,S,Middle Aged,Under 50
787,Survived,3,"Sjoblom, Miss. Anna Sofia",female,18,0,0,3101265,7.4958,NA,S,Middle Aged,Under 50
551,Survived,1,"Thayer, Mr. John Borland Jr",male,17,0,2,17421,110.8833,C70,C,Middle Aged,Over 50
308,Survived,1,"Penasco y Castellana, Mrs. Victor de Satode (Maria Josefa Perez de Soto y Vallejo)",female,17,1,0,PC 17758,108.9,C65,C,Middle Aged,Over 50
782,Survived,1,"Dick, Mrs. Albert Adrian (Vera Gillespie)",female,17,1,0,17474,57,B20,S,Middle Aged,Over 50
390,Survived,2,"Lehmann, Miss. Bertha",female,17,0,0,SC 1748,12,NA,C,Middle Aged,Under 50
85,Survived,2,"Ilett, Miss. Bertha",female,17,0,0,SO/C 14885,10.5,NA,S,Middle Aged,Under 50
69,Survived,3,"Andersson, Miss. Erna Alexandra",female,17,4,2,3101281,7.925,NA,S,Middle Aged,Under 50
505,Survived,1,"Maioni, Miss. Roberta",female,16,0,0,110152,86.5,B79,S,Middle Aged,Over 50
330,Survived,1,"Hippach, Miss. Jean Gertrude",female,16,0,1,111361,57.9792,B18,C,Middle Aged,Over 50
854,Survived,1,"Lines, Miss. Mary Conover",female,16,0,1,PC 17592,39.4,D28,S,Middle Aged,Under 50
221,Survived,3,"Sunderland, Mr. Victor Francis",male,16,0,0,SOTON/OQ 392089,8.05,NA,S,Middle Aged,Under 50
209,Survived,3,"Carr, Miss. Helen ""Ellen""",female,16,0,0,367231,7.75,NA,Q,Middle Aged,Under 50
157,Survived,3,"Gilnagh, Miss. Katherine ""Katie""",female,16,0,0,35851,7.7333,NA,Q,Middle Aged,Under 50
690,Survived,1,"Madill, Miss. Georgette Alexandra",female,15,0,1,24160,211.3375,B5,S,NA,Over 50
831,Survived,3,"Yasbeck, Mrs. Antoni (Selini Alexander)",female,15,1,0,2659,14.4542,NA,C,NA,Under 50
23,Survived,3,"McGowan, Miss. Anna ""Annie""",female,15,0,0,330923,8.0292,NA,Q,NA,Under 50
876,Survived,3,"Najib, Miss. Adele Kiamie ""Jane""",female,15,0,0,2667,7.225,NA,C,NA,Under 50
436,Survived,1,"Carter, Miss. Lucile Polk",female,14,1,2,113760,120,B96 B98,S,Child,Over 50
10,Survived,2,"Nasser, Mrs. Nicholas (Adele Achem)",female,14,1,0,237736,30.0708,NA,C,Child,Under 50
40,Survived,3,"Nicola-Yarred, Miss. Jamila",female,14,1,0,2651,11.2417,NA,C,Child,Under 50
447,Survived,2,"Mellinger, Miss. Madeleine Violet",female,13,0,1,250644,19.5,NA,S,Child,Under 50
781,Survived,3,"Ayoub, Miss. Banoura",female,13,0,0,2687,7.2292,NA,C,Child,Under 50
126,Survived,3,"Nicola-Yarred, Master. Elias",male,12,1,0,2651,11.2417,NA,C,Child,Under 50
803,Survived,1,"Carter, Master. William Thornton II",male,11,1,2,113760,120,B96 B98,S,Child,Over 50
166,Survived,3,"Goldsmith, Master. Frank John William ""Frankie""",male,9,0,2,363291,20.525,NA,S,Child,Under 50
490,Survived,3,"Coutts, Master. Eden Leslie ""Neville""",male,9,1,1,C.A. 37671,15.9,NA,S,Child,Under 50
550,Survived,2,"Davies, Master. John Morgan Jr",male,8,1,1,C.A. 33112,36.75,NA,S,Child,Under 50
238,Survived,2,"Collyer, Miss. Marjorie ""Lottie""",female,8,0,2,C.A. 31921,26.25,NA,S,Child,Under 50
536,Survived,2,"Hart, Miss. Eva Miriam",female,7,0,2,F.C.C. 13529,26.25,NA,S,Child,Under 50
721,Survived,2,"Harper, Miss. Annie Jessie ""Nina""",female,6,0,1,248727,33,NA,S,Child,Under 50
752,Survived,3,"Moor, Master. Meier",male,6,0,1,392096,12.475,E121,S,Child,Under 50
234,Survived,3,"Asplund, Miss. Lillian Gertrud",female,5,4,2,347077,31.3875,NA,S,Child,Under 50
59,Survived,2,"West, Miss. Constance Mirium",female,5,1,2,C.A. 34651,27.75,NA,S,Child,Under 50
449,Survived,3,"Baclini, Miss. Marie Catherine",female,5,2,1,2666,19.2583,NA,C,Child,Under 50
778,Survived,3,"Emanuel, Miss. Virginia Ethel",female,5,0,0,364516,12.475,NA,S,Child,Under 50
446,Survived,1,"Dodge, Master. Washington",male,4,0,2,33638,81.8583,A34,S,Child,Over 50
619,Survived,2,"Becker, Miss. Marion Louise",female,4,2,1,230136,39,F4,S,Child,Under 50
751,Survived,2,"Wells, Miss. Joan",female,4,1,1,29103,23,NA,S,Child,Under 50
185,Survived,3,"Kink-Heilmann, Miss. Luise Gretchen",female,4,0,2,315153,22.025,NA,S,Child,Under 50
11,Survived,3,"Sandstrom, Miss. Marguerite Rut",female,4,1,1,PP 9549,16.7,G6,S,Child,Under 50
692,Survived,3,"Karun, Miss. Manca",female,4,0,1,349256,13.4167,NA,C,Child,Under 50
870,Survived,3,"Johnson, Master. Harold Theodor",male,4,1,1,347742,11.1333,NA,S,Child,Under 50
44,Survived,2,"Laroche, Miss. Simonne Marie Anne Andree",female,3,1,2,SC/Paris 2123,41.5792,NA,C,Child,Under 50
262,Survived,3,"Asplund, Master. Edvin Rojj Felix",male,3,4,2,347077,31.3875,NA,S,Child,Under 50
194,Survived,2,"Navratil, Master. Michel M",male,3,1,1,230080,26,F2,S,Child,Under 50
408,Survived,2,"Richards, Master. William Rowe",male,3,1,1,29106,18.75,NA,S,Child,Under 50
349,Survived,3,"Coutts, Master. William Loch ""William""",male,3,1,1,C.A. 37671,15.9,NA,S,Child,Under 50
341,Survived,2,"Navratil, Master. Edmond Roger",male,2,1,1,230080,26,F2,S,Child,Under 50
531,Survived,2,"Quick, Miss. Phyllis May",female,2,1,1,26360,26,NA,S,Child,Under 50
480,Survived,3,"Hirvonen, Miss. Hildur E",female,2,0,1,3101298,12.2875,NA,S,Child,Under 50
306,Survived,1,"Allison, Master. Hudson Trevor",male,1,1,2,113781,151.55,C22 C26,S,Child,Over 50
184,Survived,2,"Becker, Master. Richard F",male,1,2,1,230136,39,F4,S,Child,Under 50
828,Survived,2,"Mallet, Master. Andre",male,1,0,2,S.C./PARIS 2079,37.0042,NA,C,Child,Under 50
79,Survived,2,"Caldwell, Master. Alden Gates",male,1,0,2,248738,29,NA,S,Child,Under 50
789,Survived,3,"Dean, Master. Bertram Vere",male,1,1,2,C.A. 2315,20.575,NA,S,Child,Under 50
470,Survived,3,"Baclini, Miss. Helene Barbara",female,1,2,1,2666,19.2583,NA,C,Child,Under 50
645,Survived,3,"Baclini, Miss. Eugenie",female,1,2,1,2666,19.2583,NA,C,Child,Under 50
832,Survived,2,"Richards, Master. George Sibley",male,1,1,1,29106,18.75,NA,S,Child,Under 50
382,Survived,3,"Nakid, Miss. Maria (""Mary"")",female,1,0,2,2653,15.7417,NA,C,Child,Under 50
756,Survived,2,"Hamalainen, Master. Viljo",male,1,1,1,250649,14.5,NA,S,Child,Under 50
173,Survived,3,"Johnson, Miss. Eleanor Ileen",female,1,1,1,347742,11.1333,NA,S,Child,Under 50
804,Survived,3,"Thomas, Master. Assad Alexander",male,0,0,1,2625,8.5167,NA,C,Child,Under 50
32,Survived,1,"Spencer, Mrs. William Augustus (Marie Eugenie)",female,NA,1,0,PC 17569,146.5208,B78,C,NA,Over 50
335,Survived,1,"Frauenthal, Mrs. Henry William (Clara Heinsheimer)",female,NA,1,0,PC 17611,133.65,NA,S,NA,Over 50
307,Survived,1,"Fleming, Miss. Margaret",female,NA,0,0,17421,110.8833,NA,C,NA,Over 50
850,Survived,1,"Goldenberg, Mrs. Samuel L (Edwiga Grabowska)",female,NA,1,0,17453,89.1042,C92,C,NA,Over 50
376,Survived,1,"Meyer, Mrs. Edgar Joseph (Leila Saks)",female,NA,1,0,PC 17604,82.1708,NA,C,NA,Over 50
257,Survived,1,"Thorne, Mrs. Gertrude Maybelle",female,NA,0,0,PC 17585,79.2,NA,C,NA,Over 50
644,Survived,3,"Foo, Mr. Choong",male,NA,0,0,1601,56.4958,NA,S,NA,Over 50
693,Survived,3,"Lam, Mr. Ali",male,NA,0,0,1601,56.4958,NA,S,NA,Over 50
167,Survived,1,"Chibnall, Mrs. (Edith Martha Bowerman)",female,NA,0,1,113505,55,E33,S,NA,Over 50
670,Survived,1,"Taylor, Mrs. Elmer Zebley (Juliet Cummins Wright)",female,NA,1,0,19996,52,C126,S,NA,Over 50
458,Survived,1,"Kenyon, Mrs. Frederick R (Marion)",female,NA,1,0,17464,51.8625,D21,S,NA,Over 50
56,Survived,1,"Woolner, Mr. Hugh",male,NA,0,0,19947,35.5,C52,S,NA,Under 50
597,Survived,2,"Leitch, Miss. Jessie Wills",female,NA,0,0,248727,33,NA,S,NA,Under 50
299,Survived,1,"Saalfeld, Mr. Adolphe",male,NA,0,0,19988,30.5,C106,S,NA,Under 50
741,Survived,1,"Hawksford, Mr. Walter James",male,NA,0,0,16988,30,D45,S,NA,Under 50
840,Survived,1,"Marechal, Mr. Pierre",male,NA,0,0,11774,29.7,C47,C,NA,Under 50
508,Survived,1,"Bradley, Mr. George (""George Arthur Brayton"")",male,NA,0,0,111427,26.55,NA,S,NA,Under 50
110,Survived,3,"Moran, Miss. Bertha",female,NA,1,0,371110,24.15,NA,Q,NA,Under 50
302,Survived,3,"McCoy, Mr. Bernard",male,NA,2,0,367226,23.25,NA,Q,NA,Under 50
331,Survived,3,"McCoy, Miss. Agnes",female,NA,2,0,367226,23.25,NA,Q,NA,Under 50
129,Survived,3,"Peter, Miss. Anna",female,NA,1,1,2668,22.3583,F E69,C,NA,Under 50
534,Survived,3,"Peter, Mrs. Catherine (Catherine Rizk)",female,NA,0,2,2668,22.3583,NA,C,NA,Under 50
348,Survived,3,"Davison, Mrs. Thomas Henry (Mary E Finck)",female,NA,1,0,386525,16.1,NA,S,NA,Under 50
432,Survived,3,"Thorneycroft, Mrs. Percival (Florence Kate White)",female,NA,1,0,376564,16.1,NA,S,NA,Under 50
187,Survived,3,"O'Brien, Mrs. Thomas (Johanna ""Hannah"" Godfrey)",female,NA,1,0,370365,15.5,NA,Q,NA,Under 50
242,Survived,3,"Murphy, Miss. Katherine ""Kate""",female,NA,1,0,367230,15.5,NA,Q,NA,Under 50
613,Survived,3,"Murphy, Miss. Margaret Jane",female,NA,1,0,367230,15.5,NA,Q,NA,Under 50
66,Survived,3,"Moubarek, Master. Gerios",male,NA,1,1,2661,15.2458,NA,C,NA,Under 50
710,Survived,3,"Moubarek, Master. Halim Gonios (""William George"")",male,NA,1,1,2661,15.2458,NA,C,NA,Under 50
548,Survived,2,"Padro y Manent, Mr. Julian",male,NA,0,0,SC/PARIS 2146,13.8625,NA,C,NA,Under 50
18,Survived,2,"Williams, Mr. Charles Eugene",male,NA,0,0,244373,13,NA,S,NA,Under 50
304,Survived,2,"Keane, Miss. Nora A",female,NA,0,0,226593,12.35,E101,Q,NA,Under 50
445,Survived,3,"Johannesen-Bratthammer, Mr. Bernt",male,NA,0,0,65306,8.1125,NA,S,NA,Under 50
29,Survived,3,"O'Dwyer, Miss. Ellen ""Nellie""",female,NA,0,0,330959,7.8792,NA,Q,NA,Under 50
359,Survived,3,"McGovern, Miss. Mary",female,NA,0,0,330931,7.8792,NA,Q,NA,Under 50
360,Survived,3,"Mockler, Miss. Helen Mary ""Ellie""",female,NA,0,0,330980,7.8792,NA,Q,NA,Under 50
654,Survived,3,"O'Leary, Miss. Hanora ""Norah""",female,NA,0,0,330919,7.8292,NA,Q,NA,Under 50
83,Survived,3,"McDermott, Miss. Brigdet Delia",female,NA,0,0,330932,7.7875,NA,Q,NA,Under 50
108,Survived,3,"Moss, Mr. Albert Johan",male,NA,0,0,312991,7.775,NA,S,NA,Under 50
33,Survived,3,"Glynn, Miss. Mary Agatha",female,NA,0,0,335677,7.75,NA,Q,NA,Under 50
48,Survived,3,"O'Driscoll, Miss. Bridget",female,NA,0,0,14311,7.75,NA,Q,NA,Under 50
199,Survived,3,"Madigan, Miss. Margaret ""Maggie""",female,NA,0,0,370370,7.75,NA,Q,NA,Under 50
275,Survived,3,"Healy, Miss. Hanora ""Nora""",female,NA,0,0,370375,7.75,NA,Q,NA,Under 50
301,Survived,3,"Kelly, Miss. Anna Katherine ""Annie Kate""",female,NA,0,0,9234,7.75,NA,Q,NA,Under 50
369,Survived,3,"Jermyn, Miss. Annie",female,NA,0,0,14313,7.75,NA,Q,NA,Under 50
574,Survived,3,"Kelly, Miss. Mary",female,NA,0,0,14312,7.75,NA,Q,NA,Under 50
829,Survived,3,"McCormack, Mr. Thomas Joseph",male,NA,0,0,367228,7.75,NA,Q,NA,Under 50
728,Survived,3,"Mannion, Miss. Margareth",female,NA,0,0,36866,7.7375,NA,Q,NA,Under 50
698,Survived,3,"Mullens, Miss. Katherine ""Katie""",female,NA,0,0,35852,7.7333,NA,Q,NA,Under 50
37,Survived,3,"Mamee, Mr. Hanna",male,NA,0,0,2677,7.2292,NA,C,NA,Under 50
368,Survived,3,"Moussa, Mrs. (Mantoura Boulos)",female,NA,0,0,2626,7.2292,NA,C,NA,Under 50
20,Survived,3,"Masselmani, Mrs. Fatima",female,NA,0,0,2649,7.225,NA,C,NA,Under 50